time_s,vin,vout
0.000000000000000000e+00,-1.000000000000000000e+00,-1.000000000000000000e+00
1.000000000000000021e-08,-9.799999999999999822e-01,-9.999980001999800860e-01
2.000000000000000042e-08,-9.599999999999999645e-01,-9.999940007999000846e-01
4.000000000000000084e-08,-9.200000000000000400e-01,-9.999820031995003689e-01
8.000000000000000167e-08,-8.399999999999999689e-01,-9.999340199948616448e-01
1.600000000000000033e-07,-6.799999999999999378e-01,-9.997421495270524261e-01
3.200000000000000067e-07,-3.599999999999999867e-01,-9.989751756668968641e-01
6.400000000000000134e-07,2.800000000000000266e-01,-9.959113572142865856e-01
9.999999999999999547e-07,1.000000000000000000e+00,-9.900326579869243027e-01
1.063999999999999893e-06,1.000000000000000000e+00,-9.887598516818482119e-01
1.191999999999999980e-06,1.000000000000000000e+00,-9.862158672217500310e-01
1.447999999999999943e-06,1.000000000000000000e+00,-9.811376547136727577e-01
1.959999999999999869e-06,1.000000000000000000e+00,-9.710201307828016937e-01
2.959999999999999612e-06,1.000000000000000000e+00,-9.514079901779979309e-01
3.959999999999999355e-06,1.000000000000000000e+00,-9.319909952508539375e-01
4.959999999999999098e-06,1.000000000000000000e+00,-9.127672042533330199e-01
5.959999999999998841e-06,1.000000000000000000e+00,-8.937346947582751611e-01
6.959999999999998584e-06,1.000000000000000000e+00,-8.748915634671483588e-01
7.959999999999998327e-06,1.000000000000000000e+00,-8.562359260197142108e-01
8.959999999999998917e-06,1.000000000000000000e+00,-8.377659168055876515e-01
9.959999999999999507e-06,1.000000000000000000e+00,-8.194796887776716332e-01
1.096000000000000010e-05,1.000000000000000000e+00,-8.013754132674461017e-01
1.196000000000000069e-05,1.000000000000000000e+00,-7.834512798020981661e-01
1.296000000000000128e-05,1.000000000000000000e+00,-7.657054959234701474e-01
1.396000000000000187e-05,1.000000000000000000e+00,-7.481362870088087424e-01
1.496000000000000246e-05,1.000000000000000000e+00,-7.307418960932980934e-01
1.596000000000000305e-05,1.000000000000000000e+00,-7.135205836943598889e-01
1.696000000000000364e-05,1.000000000000000000e+00,-6.964706276376997351e-01
1.796000000000000423e-05,1.000000000000000000e+00,-6.795903228850859179e-01
1.896000000000000482e-05,1.000000000000000000e+00,-6.628779813638413509e-01
1.996000000000000541e-05,1.000000000000000000e+00,-6.463319317980320555e-01
2.096000000000000600e-05,1.000000000000000000e+00,-6.299505195413349634e-01
2.196000000000000659e-05,1.000000000000000000e+00,-6.137321064115702773e-01
2.296000000000000718e-05,1.000000000000000000e+00,-5.976750705268779607e-01
2.396000000000000777e-05,1.000000000000000000e+00,-5.817778061435261439e-01
2.496000000000000836e-05,1.000000000000000000e+00,-5.660387234953319080e-01
2.596000000000000895e-05,1.000000000000000000e+00,-5.504562486346818995e-01
2.696000000000000954e-05,1.000000000000000000e+00,-5.350288232751327921e-01
2.796000000000001013e-05,1.000000000000000000e+00,-5.197549046355791624e-01
2.896000000000001072e-05,1.000000000000000000e+00,-5.046329652859713466e-01
2.996000000000001131e-05,1.000000000000000000e+00,-4.896614929945686256e-01
3.096000000000000851e-05,1.000000000000000000e+00,-4.748389905767122499e-01
3.196000000000000571e-05,1.000000000000000000e+00,-4.601639757451033153e-01
3.296000000000000291e-05,1.000000000000000000e+00,-4.456349809615700597e-01
3.396000000000000011e-05,1.000000000000000000e+00,-4.312505532903107008e-01
3.495999999999999732e-05,1.000000000000000000e+00,-4.170092542525960511e-01
3.595999999999999452e-05,1.000000000000000000e+00,-4.029096596829184751e-01
3.695999999999999172e-05,1.000000000000000000e+00,-3.889503595865710928e-01
3.795999999999998892e-05,1.000000000000000000e+00,-3.751299579986450139e-01
3.895999999999998612e-05,1.000000000000000000e+00,-3.614470728444296732e-01
3.995999999999998333e-05,1.000000000000000000e+00,-3.479003358012015545e-01
4.095999999999998053e-05,1.000000000000000000e+00,-3.344883921613887034e-01
4.195999999999997773e-05,1.000000000000000000e+00,-3.212099006970963733e-01
4.295999999999997493e-05,1.000000000000000000e+00,-3.080635335259810925e-01
4.395999999999997213e-05,1.000000000000000000e+00,-2.950479759784588318e-01
4.495999999999996934e-05,1.000000000000000000e+00,-2.821619264662353910e-01
4.595999999999996654e-05,1.000000000000000000e+00,-2.694040963521435184e-01
4.695999999999996374e-05,1.000000000000000000e+00,-2.567732098212763825e-01
4.795999999999996094e-05,1.000000000000000000e+00,-2.442680037534029625e-01
4.895999999999995814e-05,1.000000000000000000e+00,-2.318872275966526453e-01
4.995999999999995535e-05,1.000000000000000000e+00,-2.196296432424570955e-01
5.095999999999995255e-05,1.000000000000000000e+00,-2.074940249017361293e-01
5.195999999999994975e-05,1.000000000000000000e+00,-1.954791589823158537e-01
5.295999999999994695e-05,1.000000000000000000e+00,-1.835838439675664679e-01
5.395999999999994415e-05,1.000000000000000000e+00,-1.718068902962474331e-01
5.495999999999994135e-05,1.000000000000000000e+00,-1.601471202435485186e-01
5.595999999999993856e-05,1.000000000000000000e+00,-1.486033678033141792e-01
5.695999999999993576e-05,1.000000000000000000e+00,-1.371744785714403836e-01
5.795999999999993296e-05,1.000000000000000000e+00,-1.258593096304310155e-01
5.895999999999993016e-05,1.000000000000000000e+00,-1.146567294351033273e-01
5.995999999999992736e-05,1.000000000000000000e+00,-1.035656176994306510e-01
6.095999999999992457e-05,1.000000000000000000e+00,-9.258486528451095876e-02
6.195999999999992854e-05,1.000000000000000000e+00,-8.171337408765017019e-02
6.295999999999992575e-05,1.000000000000000000e+00,-7.095005693254917423e-02
6.395999999999992295e-05,1.000000000000000000e+00,-6.029383746058351867e-02
6.495999999999992015e-05,1.000000000000000000e+00,-4.974365002316478990e-02
6.595999999999991735e-05,1.000000000000000000e+00,-3.929843957517310110e-02
6.695999999999991455e-05,1.000000000000000000e+00,-2.895716156944998232e-02
6.795999999999991176e-05,1.000000000000000000e+00,-1.871878185234103140e-02
6.895999999999990896e-05,1.000000000000000000e+00,-8.582276560277934951e-03
6.995999999999990616e-05,1.000000000000000000e+00,1.453367982610404832e-03
7.095999999999990336e-05,1.000000000000000000e+00,1.138915536586801100e-02
7.195999999999990056e-05,1.000000000000000000e+00,2.122607919307330920e-02
7.295999999999989776e-05,1.000000000000000000e+00,3.096512318120193258e-02
7.395999999999989497e-05,1.000000000000000000e+00,4.060726125900092354e-02
7.495999999999989217e-05,1.000000000000000000e+00,5.015345766438401159e-02
7.595999999999988937e-05,1.000000000000000000e+00,5.960466704085781026e-02
7.695999999999988657e-05,1.000000000000000000e+00,6.896183453298859733e-02
7.795999999999988377e-05,1.000000000000000000e+00,7.822589588091904966e-02
7.895999999999988098e-05,1.000000000000000000e+00,8.739777751394472993e-02
7.995999999999987818e-05,1.000000000000000000e+00,9.647839664315924213e-02
8.095999999999987538e-05,1.000000000000000000e+00,1.054686613531775619e-01
8.195999999999987258e-05,1.000000000000000000e+00,1.143694706929469507e-01
8.295999999999986978e-05,1.000000000000000000e+00,1.231817147656539685e-01
8.395999999999986699e-05,1.000000000000000000e+00,1.319062748177370348e-01
8.495999999999986419e-05,1.000000000000000000e+00,1.405440233270133232e-01
8.595999999999986139e-05,1.000000000000000000e+00,1.490958240899286635e-01
8.695999999999985859e-05,1.000000000000000000e+00,1.575625323079393181e-01
8.795999999999985579e-05,1.000000000000000000e+00,1.659449946730344738e-01
8.895999999999985300e-05,1.000000000000000000e+00,1.742440494524073180e-01
8.995999999999985020e-05,1.000000000000000000e+00,1.824605265722838987e-01
9.095999999999984740e-05,1.000000000000000000e+00,1.905952477009179025e-01
9.195999999999984460e-05,1.000000000000000000e+00,1.986490263307595372e-01
9.295999999999984180e-05,1.000000000000000000e+00,2.066226678598067357e-01
9.395999999999983900e-05,1.000000000000000000e+00,2.145169696721470620e-01
9.495999999999983621e-05,1.000000000000000000e+00,2.223327212176978707e-01
9.595999999999983341e-05,1.000000000000000000e+00,2.300707040911536272e-01
9.695999999999983061e-05,1.000000000000000000e+00,2.377316921101472191e-01
9.795999999999982781e-05,1.000000000000000000e+00,2.453164513926334167e-01
9.895999999999982501e-05,1.000000000000000000e+00,2.528257404335028102e-01
9.995999999999982222e-05,1.000000000000000000e+00,2.602603101804332186e-01
1.009599999999998194e-04,1.000000000000000000e+00,2.676209041089862017e-01
1.019599999999998166e-04,1.000000000000000000e+00,2.749082582969565314e-01
1.029599999999998138e-04,1.000000000000000000e+00,2.821231014979819207e-01
1.039599999999998110e-04,1.000000000000000000e+00,2.892661552144200066e-01
1.049599999999998082e-04,1.000000000000000000e+00,2.963381337695005224e-01
1.059599999999998054e-04,1.000000000000000000e+00,3.033397443787593240e-01
1.069599999999998026e-04,1.000000000000000000e+00,3.102716872207617049e-01
1.079599999999997998e-04,1.000000000000000000e+00,3.171346555071222761e-01
1.089599999999997970e-04,1.000000000000000000e+00,3.239293355518276241e-01
1.099599999999997942e-04,1.000000000000000000e+00,3.306564068398692435e-01
1.109599999999997914e-04,1.000000000000000000e+00,3.373165420951939608e-01
1.119599999999997886e-04,1.000000000000000000e+00,3.439104073479780643e-01
1.129599999999997858e-04,1.000000000000000000e+00,3.504386620012320264e-01
1.139599999999997830e-04,1.000000000000000000e+00,3.569019588967421996e-01
1.149599999999997802e-04,1.000000000000000000e+00,3.633009443803567051e-01
1.159599999999997774e-04,1.000000000000000000e+00,3.696362583666218948e-01
1.169599999999997746e-04,1.000000000000000000e+00,3.759085344027749964e-01
1.179599999999997719e-04,1.000000000000000000e+00,3.821183997321007109e-01
1.189599999999997691e-04,1.000000000000000000e+00,3.882664753566569260e-01
1.199599999999997663e-04,1.000000000000000000e+00,3.943533760993767068e-01
1.209599999999997635e-04,1.000000000000000000e+00,4.003797106655520022e-01
1.219599999999997607e-04,1.000000000000000000e+00,4.063460817037057859e-01
1.229599999999997579e-04,1.000000000000000000e+00,4.122530858658581265e-01
1.239599999999997551e-04,1.000000000000000000e+00,4.181013138671929030e-01
1.249599999999997523e-04,1.000000000000000000e+00,4.238913505451313291e-01
1.259599999999997495e-04,1.000000000000000000e+00,4.296237749178166143e-01
1.269599999999997467e-04,1.000000000000000000e+00,4.352991602420174799e-01
1.279599999999997439e-04,1.000000000000000000e+00,4.409180740704550239e-01
1.289599999999997411e-04,1.000000000000000000e+00,4.464810783085598755e-01
1.299599999999997383e-04,1.000000000000000000e+00,4.519887292706636917e-01
1.309599999999997355e-04,1.000000000000000000e+00,4.574415777356322654e-01
1.319599999999997327e-04,1.000000000000000000e+00,4.628401690019444681e-01
1.329599999999997299e-04,1.000000000000000000e+00,4.681850429422237392e-01
1.339599999999997271e-04,1.000000000000000000e+00,4.734767340572265115e-01
1.349599999999997243e-04,1.000000000000000000e+00,4.787157715292938986e-01
1.359599999999997215e-04,1.000000000000000000e+00,4.839026792752711414e-01
1.369599999999997187e-04,1.000000000000000000e+00,4.890379759989003094e-01
1.379599999999997159e-04,1.000000000000000000e+00,4.941221752426924740e-01
1.389599999999997131e-04,1.000000000000000000e+00,4.991557854392826843e-01
1.399599999999997103e-04,1.000000000000000000e+00,5.041393099622749618e-01
1.409599999999997075e-04,1.000000000000000000e+00,5.090732471765806455e-01
1.419599999999997047e-04,1.000000000000000000e+00,5.139580904882563583e-01
1.429599999999997019e-04,1.000000000000000000e+00,5.187943283938458716e-01
1.439599999999996991e-04,1.000000000000000000e+00,5.235824445292305285e-01
1.449599999999996963e-04,1.000000000000000000e+00,5.283229177179944447e-01
1.459599999999996935e-04,1.000000000000000000e+00,5.330162220193080946e-01
1.469599999999996907e-04,1.000000000000000000e+00,5.376628267753350565e-01
1.479599999999996879e-04,1.000000000000000000e+00,5.422631966581676899e-01
1.489599999999996851e-04,1.000000000000000000e+00,5.468177917162954094e-01
1.499599999999996823e-04,1.000000000000000000e+00,5.513270674206108835e-01
1.509599999999996795e-04,1.000000000000000000e+00,5.557914747099580444e-01
1.519599999999996767e-04,1.000000000000000000e+00,5.602114600362271268e-01
1.529599999999996739e-04,1.000000000000000000e+00,5.645874654090009548e-01
1.539599999999996711e-04,1.000000000000000000e+00,5.689199284397571388e-01
1.549599999999996683e-04,1.000000000000000000e+00,5.732092823856301811e-01
1.559599999999996655e-04,1.000000000000000000e+00,5.774559561927384843e-01
1.569599999999996627e-04,1.000000000000000000e+00,5.816603745390795943e-01
1.579599999999996599e-04,1.000000000000000000e+00,5.858229578769993395e-01
1.589599999999996571e-04,1.000000000000000000e+00,5.899441224752381974e-01
1.599599999999996543e-04,1.000000000000000000e+00,5.940242804605592175e-01
1.609599999999996515e-04,1.000000000000000000e+00,5.980638398589616100e-01
1.619599999999996487e-04,1.000000000000000000e+00,6.020632046364845502e-01
1.629599999999996459e-04,1.000000000000000000e+00,6.060227747396043085e-01
1.639599999999996431e-04,1.000000000000000000e+00,6.099429461352301463e-01
1.649599999999996403e-04,1.000000000000000000e+00,6.138241108503025290e-01
1.659599999999996375e-04,1.000000000000000000e+00,6.176666570109959897e-01
1.669599999999996347e-04,1.000000000000000000e+00,6.214709688815335253e-01
1.679599999999996319e-04,1.000000000000000000e+00,6.252374269026128584e-01
1.689599999999996291e-04,1.000000000000000000e+00,6.289664077294526701e-01
1.699599999999996263e-04,1.000000000000000000e+00,6.326582842694582487e-01
1.709599999999996236e-04,1.000000000000000000e+00,6.363134257195134369e-01
1.719599999999996208e-04,1.000000000000000000e+00,6.399321976029014314e-01
1.729599999999996180e-04,1.000000000000000000e+00,6.435149618058577659e-01
1.739599999999996152e-04,1.000000000000000000e+00,6.470620766137598068e-01
1.749599999999996124e-04,1.000000000000000000e+00,6.505738967469560929e-01
1.759599999999996096e-04,1.000000000000000000e+00,6.540507733962399595e-01
1.769599999999996068e-04,1.000000000000000000e+00,6.574930542579690007e-01
1.779599999999996040e-04,1.000000000000000000e+00,6.609010835688349239e-01
1.789599999999996012e-04,1.000000000000000000e+00,6.642752021402893448e-01
1.799599999999995984e-04,1.000000000000000000e+00,6.676157473926249697e-01
1.809599999999995956e-04,1.000000000000000000e+00,6.709230533887184933e-01
1.819599999999995928e-04,1.000000000000000000e+00,6.741974508674378752e-01
1.829599999999995900e-04,1.000000000000000000e+00,6.774392672767173273e-01
1.839599999999995872e-04,1.000000000000000000e+00,6.806488268063024538e-01
1.849599999999995844e-04,1.000000000000000000e+00,6.838264504201703176e-01
1.859599999999995816e-04,1.000000000000000000e+00,6.869724558886263210e-01
1.869599999999995788e-04,1.000000000000000000e+00,6.900871578200827861e-01
1.879599999999995760e-04,1.000000000000000000e+00,6.931708676925198986e-01
1.889599999999995732e-04,1.000000000000000000e+00,6.962238938846342373e-01
1.899599999999995704e-04,1.000000000000000000e+00,6.992465417066778821e-01
1.909599999999995676e-04,1.000000000000000000e+00,7.022391134309896588e-01
1.919599999999995648e-04,1.000000000000000000e+00,7.052019083222238471e-01
1.929599999999995620e-04,1.000000000000000000e+00,7.081352226672762429e-01
1.939599999999995592e-04,1.000000000000000000e+00,7.110393498049151217e-01
1.949599999999995564e-04,1.000000000000000000e+00,7.139145801551149972e-01
1.959599999999995536e-04,1.000000000000000000e+00,7.167612012480989447e-01
1.969599999999995508e-04,1.000000000000000000e+00,7.195794977530931558e-01
1.979599999999995480e-04,1.000000000000000000e+00,7.223697515067937225e-01
1.989599999999995452e-04,1.000000000000000000e+00,7.251322415415519806e-01
1.999599999999995424e-04,1.000000000000000000e+00,7.278672441132778559e-01
2.009599999999995396e-04,1.000000000000000000e+00,7.305750327290662094e-01
2.019599999999995368e-04,1.000000000000000000e+00,7.332558781745482923e-01
2.029599999999995340e-04,1.000000000000000000e+00,7.359100485409707515e-01
2.039599999999995312e-04,1.000000000000000000e+00,7.385378092520059612e-01
2.049599999999995284e-04,1.000000000000000000e+00,7.411394230902944580e-01
2.059599999999995256e-04,1.000000000000000000e+00,7.437151502237244749e-01
2.069599999999995228e-04,1.000000000000000000e+00,7.462652482314485747e-01
2.079599999999995200e-04,1.000000000000000000e+00,7.487899721296430444e-01
2.089599999999995172e-04,1.000000000000000000e+00,7.512895743970099405e-01
2.099599999999995144e-04,1.000000000000000000e+00,7.537643050000251144e-01
2.109599999999995116e-04,1.000000000000000000e+00,7.562144114179356613e-01
2.119599999999995088e-04,1.000000000000000000e+00,7.586401386675085678e-01
2.129599999999995060e-04,1.000000000000000000e+00,7.610417293275335560e-01
2.139599999999995032e-04,1.000000000000000000e+00,7.634194235630805681e-01
2.149599999999995004e-04,1.000000000000000000e+00,7.657734591495177767e-01
2.159599999999994976e-04,1.000000000000000000e+00,7.681040714962887872e-01
2.169599999999994948e-04,1.000000000000000000e+00,7.704114936704552496e-01
2.179599999999994920e-04,1.000000000000000000e+00,7.726959564200031050e-01
2.189599999999994892e-04,1.000000000000000000e+00,7.749576881969183484e-01
2.199599999999994864e-04,1.000000000000000000e+00,7.771969151800335318e-01
2.209599999999994836e-04,1.000000000000000000e+00,7.794138612976450053e-01
2.219599999999994808e-04,1.000000000000000000e+00,7.816087482499074479e-01
2.229599999999994780e-04,1.000000000000000000e+00,7.837817955310030227e-01
2.239599999999994753e-04,1.000000000000000000e+00,7.859332204510928177e-01
2.249599999999994725e-04,1.000000000000000000e+00,7.880632381580473522e-01
2.259599999999994697e-04,1.000000000000000000e+00,7.901720616589622548e-01
2.269599999999994669e-04,1.000000000000000000e+00,7.922599018414602234e-01
2.279599999999994641e-04,1.000000000000000000e+00,7.943269674947791570e-01
2.289599999999994613e-04,1.000000000000000000e+00,7.963734653306522304e-01
2.299599999999994585e-04,1.000000000000000000e+00,7.983996000039790264e-01
2.309599999999994557e-04,1.000000000000000000e+00,8.004055741332927187e-01
2.319599999999994529e-04,1.000000000000000000e+00,8.023915883210211986e-01
2.329599999999994501e-04,1.000000000000000000e+00,8.043578411735483602e-01
2.339599999999994473e-04,1.000000000000000000e+00,8.063045293210754361e-01
2.349599999999994445e-04,1.000000000000000000e+00,8.082318474372837125e-01
2.359599999999994417e-04,1.000000000000000000e+00,8.101399882588036228e-01
2.369599999999994389e-04,1.000000000000000000e+00,8.120291426044873306e-01
2.379599999999994361e-04,1.000000000000000000e+00,8.138994993944925760e-01
2.389599999999994333e-04,1.000000000000000000e+00,8.157512456691742297e-01
2.399599999999994305e-04,1.000000000000000000e+00,8.175845666077893314e-01
2.409599999999994277e-04,1.000000000000000000e+00,8.193996455470153872e-01
2.419599999999994249e-04,1.000000000000000000e+00,8.211966639992840378e-01
2.429599999999994221e-04,1.000000000000000000e+00,8.229758016709328716e-01
2.439599999999994193e-04,1.000000000000000000e+00,8.247372364801774935e-01
2.449599999999994165e-04,1.000000000000000000e+00,8.264811445749020713e-01
2.459599999999994408e-04,1.000000000000000000e+00,8.282077003502762436e-01
2.469599999999994651e-04,1.000000000000000000e+00,8.299170764661939481e-01
2.479599999999994894e-04,1.000000000000000000e+00,8.316094438645403875e-01
2.489599999999995137e-04,1.000000000000000000e+00,8.332849717862863548e-01
2.499599999999995380e-04,1.000000000000000000e+00,8.349438277884129178e-01
2.509599999999995623e-04,1.000000000000000000e+00,8.365861777606677929e-01
2.519599999999995866e-04,1.000000000000000000e+00,8.382121859421538534e-01
2.529599999999996109e-04,1.000000000000000000e+00,8.398220149377545463e-01
2.539599999999996353e-04,1.000000000000000000e+00,8.414158257343939962e-01
2.549599999999996596e-04,1.000000000000000000e+00,8.429937777171363500e-01
2.559599999999996839e-04,1.000000000000000000e+00,8.445560286851251375e-01
2.569599999999997082e-04,1.000000000000000000e+00,8.461027348673626491e-01
2.579599999999997325e-04,1.000000000000000000e+00,8.476340509383341049e-01
2.589599999999997568e-04,1.000000000000000000e+00,8.491501300334752811e-01
2.599599999999997811e-04,1.000000000000000000e+00,8.506511237644857060e-01
2.609599999999998054e-04,1.000000000000000000e+00,8.521371822344909752e-01
2.619599999999998297e-04,1.000000000000000000e+00,8.536084540530533005e-01
2.629599999999998540e-04,1.000000000000000000e+00,8.550650863510330657e-01
2.639599999999998783e-04,1.000000000000000000e+00,8.565072247953017248e-01
2.649599999999999026e-04,1.000000000000000000e+00,8.579350136033088159e-01
2.659599999999999269e-04,1.000000000000000000e+00,8.593485955575049795e-01
2.669599999999999512e-04,1.000000000000000000e+00,8.607481120196195379e-01
2.679599999999999755e-04,1.000000000000000000e+00,8.621337029447975198e-01
2.689599999999999999e-04,1.000000000000000000e+00,8.635055068955955759e-01
2.699600000000000242e-04,1.000000000000000000e+00,8.648636610558386728e-01
2.709600000000000485e-04,1.000000000000000000e+00,8.662083012443378971e-01
2.719600000000000728e-04,1.000000000000000000e+00,8.675395619284737014e-01
2.729600000000000971e-04,1.000000000000000000e+00,8.688575762376430367e-01
2.739600000000001214e-04,1.000000000000000000e+00,8.701624759765720363e-01
2.749600000000001457e-04,1.000000000000000000e+00,8.714543916384968059e-01
2.759600000000001700e-04,1.000000000000000000e+00,8.727334524182133180e-01
2.769600000000001943e-04,1.000000000000000000e+00,8.739997862249974103e-01
2.779600000000002186e-04,1.000000000000000000e+00,8.752535196953956653e-01
2.789600000000002429e-04,1.000000000000000000e+00,8.764947782058893910e-01
2.799600000000002672e-04,1.000000000000000000e+00,8.777236858854329249e-01
2.809600000000002915e-04,1.000000000000000000e+00,8.789403656278664823e-01
2.819600000000003158e-04,1.000000000000000000e+00,8.801449391042061032e-01
2.829600000000003402e-04,1.000000000000000000e+00,8.813375267748111419e-01
2.839600000000003645e-04,1.000000000000000000e+00,8.825182479014300752e-01
2.849600000000003888e-04,1.000000000000000000e+00,8.836872205591272955e-01
2.859600000000004131e-04,1.000000000000000000e+00,8.848445616480913323e-01
2.869600000000004374e-04,1.000000000000000000e+00,8.859903869053245007e-01
2.879600000000004617e-04,1.000000000000000000e+00,8.871248109162168660e-01
2.889600000000004860e-04,1.000000000000000000e+00,8.882479471260057435e-01
2.899600000000005103e-04,1.000000000000000000e+00,8.893599078511200684e-01
2.909600000000005346e-04,1.000000000000000000e+00,8.904608042904126330e-01
2.919600000000005589e-04,1.000000000000000000e+00,8.915507465362793038e-01
2.929600000000005832e-04,1.000000000000000000e+00,8.926298435856695468e-01
2.939600000000006075e-04,1.000000000000000000e+00,8.936982033509861534e-01
2.949600000000006318e-04,1.000000000000000000e+00,8.947559326708770522e-01
2.959600000000006561e-04,1.000000000000000000e+00,8.958031373209183190e-01
2.969600000000006805e-04,1.000000000000000000e+00,8.968399220241928260e-01
2.979600000000007048e-04,1.000000000000000000e+00,8.978663904617630864e-01
2.989600000000007291e-04,1.000000000000000000e+00,8.988826452830390723e-01
2.999600000000007534e-04,1.000000000000000000e+00,8.998887881160438917e-01
3.009600000000007777e-04,1.000000000000000000e+00,9.008849195775759933e-01
3.019600000000008020e-04,1.000000000000000000e+00,9.018711392832720053e-01
3.029600000000008263e-04,1.000000000000000000e+00,9.028475458575677681e-01
3.039600000000008506e-04,1.000000000000000000e+00,9.038142369435623324e-01
3.049600000000008749e-04,1.000000000000000000e+00,9.047713092127808165e-01
3.059600000000008992e-04,1.000000000000000000e+00,9.057188583748426725e-01
3.069600000000009235e-04,1.000000000000000000e+00,9.066569791870332518e-01
3.079600000000009478e-04,1.000000000000000000e+00,9.075857654637791150e-01
3.089600000000009721e-04,1.000000000000000000e+00,9.085053100860300823e-01
3.099600000000009964e-04,1.000000000000000000e+00,9.094157050105471374e-01
3.109600000000010207e-04,1.000000000000000000e+00,9.103170412790990706e-01
3.119600000000010451e-04,1.000000000000000000e+00,9.112094090275659752e-01
3.129600000000010694e-04,1.000000000000000000e+00,9.120928974949535917e-01
3.139600000000010937e-04,1.000000000000000000e+00,9.129675950323172806e-01
3.149600000000011180e-04,1.000000000000000000e+00,9.138335891115977327e-01
3.159600000000011423e-04,1.000000000000000000e+00,9.146909663343679719e-01
3.169600000000011666e-04,1.000000000000000000e+00,9.155398124404937610e-01
3.179600000000011909e-04,1.000000000000000000e+00,9.163802123167077429e-01
3.189600000000012152e-04,1.000000000000000000e+00,9.172122500050986504e-01
3.199600000000012395e-04,1.000000000000000000e+00,9.180360087115155832e-01
3.209600000000012638e-04,1.000000000000000000e+00,9.188515708138885740e-01
3.219600000000012881e-04,1.000000000000000000e+00,9.196590178704666663e-01
3.229600000000013124e-04,1.000000000000000000e+00,9.204584306279744998e-01
3.239600000000013367e-04,1.000000000000000000e+00,9.212498890296862974e-01
3.249600000000013610e-04,1.000000000000000000e+00,9.220334722234210245e-01
3.259600000000013854e-04,1.000000000000000000e+00,9.228092585694568362e-01
3.269600000000014097e-04,1.000000000000000000e+00,9.235773256483678084e-01
3.279600000000014340e-04,1.000000000000000000e+00,9.243377502687822878e-01
3.289600000000014583e-04,1.000000000000000000e+00,9.250906084750631919e-01
3.299600000000014826e-04,1.000000000000000000e+00,9.258359755549133707e-01
3.309600000000015069e-04,1.000000000000000000e+00,9.265739260469044725e-01
3.319600000000015312e-04,1.000000000000000000e+00,9.273045337479304262e-01
3.329600000000015555e-04,1.000000000000000000e+00,9.280278717205878714e-01
3.339600000000015798e-04,1.000000000000000000e+00,9.287440123004825354e-01
3.349600000000016041e-04,1.000000000000000000e+00,9.294530271034627811e-01
3.359600000000016284e-04,1.000000000000000000e+00,9.301549870327815439e-01
3.369600000000016527e-04,1.000000000000000000e+00,9.308499622861867717e-01
3.379600000000016770e-04,1.000000000000000000e+00,9.315380223629410317e-01
3.389600000000017013e-04,1.000000000000000000e+00,9.322192360707723946e-01
3.399600000000017257e-04,1.000000000000000000e+00,9.328936715327548201e-01
3.409600000000017500e-04,1.000000000000000000e+00,9.335613961941203742e-01
3.419600000000017743e-04,1.000000000000000000e+00,9.342224768290047221e-01
3.429600000000017986e-04,1.000000000000000000e+00,9.348769795471243427e-01
3.439600000000018229e-04,1.000000000000000000e+00,9.355249698003869074e-01
3.449600000000018472e-04,1.000000000000000000e+00,9.361665123894378215e-01
3.459600000000018715e-04,1.000000000000000000e+00,9.368016714701400405e-01
3.469600000000018958e-04,1.000000000000000000e+00,9.374305105599896049e-01
3.479600000000019201e-04,1.000000000000000000e+00,9.380530925444675594e-01
3.489600000000019444e-04,1.000000000000000000e+00,9.386694796833287002e-01
3.499600000000019687e-04,1.000000000000000000e+00,9.392797336168279276e-01
3.509600000000019930e-04,1.000000000000000000e+00,9.398839153718843153e-01
3.519600000000020173e-04,1.000000000000000000e+00,9.404820853681838955e-01
3.529600000000020416e-04,1.000000000000000000e+00,9.410743034242220473e-01
3.539600000000020659e-04,1.000000000000000000e+00,9.416606287632844907e-01
3.549600000000020903e-04,1.000000000000000000e+00,9.422411200193711034e-01
3.559600000000021146e-04,1.000000000000000000e+00,9.428158352430590083e-01
3.569600000000021389e-04,1.000000000000000000e+00,9.433848319073071531e-01
3.579600000000021632e-04,1.000000000000000000e+00,9.439481669132044894e-01
3.589600000000021875e-04,1.000000000000000000e+00,9.445058965956603103e-01
3.599600000000022118e-04,1.000000000000000000e+00,9.450580767290369666e-01
3.609600000000022361e-04,1.000000000000000000e+00,9.456047625327282935e-01
3.619600000000022604e-04,1.000000000000000000e+00,9.461460086766816380e-01
3.629600000000022847e-04,1.000000000000000000e+00,9.466818692868641527e-01
3.639600000000023090e-04,1.000000000000000000e+00,9.472123979506764657e-01
3.649600000000023333e-04,1.000000000000000000e+00,9.477376477223118378e-01
3.659600000000023576e-04,1.000000000000000000e+00,9.482576711280602533e-01
3.669600000000023819e-04,1.000000000000000000e+00,9.487725201715622170e-01
3.679600000000024062e-04,1.000000000000000000e+00,9.492822463390093723e-01
3.689600000000024306e-04,1.000000000000000000e+00,9.497869006042930495e-01
3.699600000000024549e-04,1.000000000000000000e+00,9.502865334341010772e-01
3.709600000000024792e-04,1.000000000000000000e+00,9.507811947929657448e-01
3.719600000000025035e-04,1.000000000000000000e+00,9.512709341482595837e-01
3.729600000000025278e-04,1.000000000000000000e+00,9.517558004751425216e-01
3.739600000000025521e-04,1.000000000000000000e+00,9.522358422614596307e-01
3.749600000000025764e-04,1.000000000000000000e+00,9.527111075125894724e-01
3.759600000000026007e-04,1.000000000000000000e+00,9.531816437562453670e-01
3.769600000000026250e-04,1.000000000000000000e+00,9.536474980472281482e-01
3.779600000000026493e-04,1.000000000000000000e+00,9.541087169721315098e-01
3.789600000000026736e-04,1.000000000000000000e+00,9.545653466540010568e-01
3.799600000000026979e-04,1.000000000000000000e+00,9.550174327569462829e-01
3.809600000000027222e-04,1.000000000000000000e+00,9.554650204907080280e-01
3.819600000000027465e-04,1.000000000000000000e+00,9.559081546151786402e-01
3.829600000000027708e-04,1.000000000000000000e+00,9.563468794448783949e-01
3.839600000000027952e-04,1.000000000000000000e+00,9.567812388533870616e-01
3.849600000000028195e-04,1.000000000000000000e+00,9.572112762777315043e-01
3.859600000000028438e-04,1.000000000000000000e+00,9.576370347227292079e-01
3.869600000000028681e-04,1.000000000000000000e+00,9.580585567652890600e-01
3.879600000000028924e-04,1.000000000000000000e+00,9.584758845586692777e-01
3.889600000000029167e-04,1.000000000000000000e+00,9.588890598366924811e-01
3.899600000000029410e-04,1.000000000000000000e+00,9.592981239179194652e-01
3.909600000000029653e-04,1.000000000000000000e+00,9.597031177097812282e-01
3.919600000000029896e-04,1.000000000000000000e+00,9.601040817126691440e-01
3.929600000000030139e-04,1.000000000000000000e+00,9.605010560239858330e-01
3.939600000000030382e-04,1.000000000000000000e+00,9.608940803421551768e-01
3.949600000000030625e-04,1.000000000000000000e+00,9.612831939705916984e-01
3.959600000000030868e-04,1.000000000000000000e+00,9.616684358216308626e-01
3.969600000000031111e-04,1.000000000000000000e+00,9.620498444204208521e-01
3.979600000000031355e-04,1.000000000000000000e+00,9.624274579087749304e-01
3.989600000000031598e-04,1.000000000000000000e+00,9.628013140489862787e-01
3.999600000000031841e-04,1.000000000000000000e+00,9.631714502276033096e-01
4.009600000000032084e-04,1.000000000000000000e+00,9.635379034591695646e-01
4.019600000000032327e-04,1.000000000000000000e+00,9.639007103899240869e-01
4.029600000000032570e-04,1.000000000000000000e+00,9.642599073014671562e-01
4.039600000000032813e-04,1.000000000000000000e+00,9.646155301143880534e-01
4.049600000000033056e-04,1.000000000000000000e+00,9.649676143918569649e-01
4.059600000000033299e-04,1.000000000000000000e+00,9.653161953431820264e-01
4.069600000000033542e-04,1.000000000000000000e+00,9.656613078273297290e-01
4.079600000000033785e-04,1.000000000000000000e+00,9.660029863564111308e-01
4.089600000000034028e-04,1.000000000000000000e+00,9.663412650991335395e-01
4.099600000000034271e-04,1.000000000000000000e+00,9.666761778842170028e-01
4.109600000000034514e-04,1.000000000000000000e+00,9.670077582037770458e-01
4.119600000000034758e-04,1.000000000000000000e+00,9.673360392166748811e-01
4.129600000000035001e-04,1.000000000000000000e+00,9.676610537518324229e-01
4.139600000000035244e-04,1.000000000000000000e+00,9.679828343115157718e-01
4.149600000000035487e-04,1.000000000000000000e+00,9.683014130745852821e-01
4.159600000000035730e-04,1.000000000000000000e+00,9.686168218997138757e-01
4.169600000000035973e-04,1.000000000000000000e+00,9.689290923285723833e-01
4.179600000000036216e-04,1.000000000000000000e+00,9.692382555889847984e-01
4.189600000000036459e-04,1.000000000000000000e+00,9.695443425980496688e-01
4.199600000000036702e-04,1.000000000000000000e+00,9.698473839652331785e-01
4.209600000000036945e-04,1.000000000000000000e+00,9.701474099954300323e-01
4.219600000000037188e-04,1.000000000000000000e+00,9.704444506919929214e-01
4.229600000000037431e-04,1.000000000000000000e+00,9.707385357597343445e-01
4.239600000000037674e-04,1.000000000000000000e+00,9.710296946078962321e-01
4.249600000000037917e-04,1.000000000000000000e+00,9.713179563530912608e-01
4.259600000000038160e-04,1.000000000000000000e+00,9.716033498222146347e-01
4.269600000000038404e-04,1.000000000000000000e+00,9.718859035553267800e-01
4.279600000000038647e-04,1.000000000000000000e+00,9.721656458085077279e-01
4.289600000000038890e-04,1.000000000000000000e+00,9.724426045566818555e-01
4.299600000000039133e-04,1.000000000000000000e+00,9.727168074964166467e-01
4.309600000000039376e-04,1.000000000000000000e+00,9.729882820486911443e-01
4.319600000000039619e-04,1.000000000000000000e+00,9.732570553616395337e-01
4.329600000000039862e-04,1.000000000000000000e+00,9.735231543132651932e-01
4.339600000000040105e-04,1.000000000000000000e+00,9.737866055141282118e-01
4.349600000000040348e-04,1.000000000000000000e+00,9.740474353100075922e-01
4.359600000000040591e-04,1.000000000000000000e+00,9.743056697845350334e-01
4.369600000000040834e-04,1.000000000000000000e+00,9.745613347618036215e-01
4.379600000000041077e-04,1.000000000000000000e+00,9.748144558089498757e-01
4.389600000000041320e-04,1.000000000000000000e+00,9.750650582387117016e-01
4.399600000000041563e-04,1.000000000000000000e+00,9.753131671119585899e-01
4.409600000000041807e-04,1.000000000000000000e+00,9.755588072401979449e-01
4.419600000000042050e-04,1.000000000000000000e+00,9.758020031880566547e-01
4.429600000000042293e-04,1.000000000000000000e+00,9.760427792757379040e-01
4.439600000000042536e-04,1.000000000000000000e+00,9.762811595814520071e-01
4.449600000000042779e-04,1.000000000000000000e+00,9.765171679438257035e-01
4.459600000000043022e-04,1.000000000000000000e+00,9.767508279642852509e-01
4.469600000000043265e-04,1.000000000000000000e+00,9.769821630094168707e-01
4.479600000000043508e-04,1.000000000000000000e+00,9.772111962133032126e-01
4.489600000000043751e-04,1.000000000000000000e+00,9.774379504798373919e-01
4.499600000000043994e-04,1.000000000000000000e+00,9.776624484850132690e-01
4.509600000000044237e-04,1.000000000000000000e+00,9.778847126791924138e-01
4.519600000000044480e-04,1.000000000000000000e+00,9.781047652893498645e-01
4.529600000000044723e-04,1.000000000000000000e+00,9.783226283212969054e-01
4.539600000000044966e-04,1.000000000000000000e+00,9.785383235618813069e-01
4.549600000000045209e-04,1.000000000000000000e+00,9.787518725811661380e-01
4.559600000000045453e-04,1.000000000000000000e+00,9.789632967345873737e-01
4.569600000000045696e-04,1.000000000000000000e+00,9.791726171650890764e-01
4.579600000000045939e-04,1.000000000000000000e+00,9.793798548052373709e-01
4.589600000000046182e-04,1.000000000000000000e+00,9.795850303793147695e-01
4.599600000000046425e-04,1.000000000000000000e+00,9.797881644053914041e-01
4.609600000000046668e-04,1.000000000000000000e+00,9.799892771973778283e-01
4.619600000000046911e-04,1.000000000000000000e+00,9.801883888670558376e-01
4.629600000000047154e-04,1.000000000000000000e+00,9.803855193260901935e-01
4.639600000000047397e-04,1.000000000000000000e+00,9.805806882880195863e-01
4.649600000000047640e-04,1.000000000000000000e+00,9.807739152702283913e-01
4.659600000000047883e-04,1.000000000000000000e+00,9.809652195958978860e-01
4.669600000000048126e-04,1.000000000000000000e+00,9.811546203959389256e-01
4.679600000000048369e-04,1.000000000000000000e+00,9.813421366109047472e-01
4.689600000000048612e-04,1.000000000000000000e+00,9.815277869928856758e-01
4.699600000000048856e-04,1.000000000000000000e+00,9.817115901073841799e-01
4.709600000000049099e-04,1.000000000000000000e+00,9.818935643351713871e-01
4.719600000000049342e-04,1.000000000000000000e+00,9.820737278741249465e-01
4.729600000000049585e-04,1.000000000000000000e+00,9.822520987410493509e-01
4.739600000000049828e-04,1.000000000000000000e+00,9.824286947734767184e-01
4.749600000000050071e-04,1.000000000000000000e+00,9.826035336314522528e-01
4.759600000000050314e-04,1.000000000000000000e+00,9.827766327992987216e-01
4.769600000000050557e-04,1.000000000000000000e+00,9.829480095873655010e-01
4.779600000000050800e-04,1.000000000000000000e+00,9.831176811337600796e-01
4.789600000000051043e-04,1.000000000000000000e+00,9.832856644060609108e-01
4.799600000000051286e-04,1.000000000000000000e+00,9.834519762030156098e-01
4.809600000000051529e-04,1.000000000000000000e+00,9.836166331562197218e-01
4.819600000000051772e-04,1.000000000000000000e+00,9.837796517317800582e-01
4.829600000000052015e-04,1.000000000000000000e+00,9.839410482319617124e-01
4.839600000000052259e-04,1.000000000000000000e+00,9.841008387968179782e-01
4.849600000000052502e-04,1.000000000000000000e+00,9.842590394058050585e-01
4.859600000000052745e-04,1.000000000000000000e+00,9.844156658793792314e-01
4.869600000000052988e-04,1.000000000000000000e+00,9.845707338805794739e-01
4.879600000000053231e-04,1.000000000000000000e+00,9.847242589165937643e-01
4.889600000000052932e-04,1.000000000000000000e+00,9.848762563403093973e-01
4.899600000000053175e-04,1.000000000000000000e+00,9.850267413518486448e-01
4.909600000000053418e-04,1.000000000000000000e+00,9.851757290000888734e-01
4.919600000000053661e-04,1.000000000000000000e+00,9.853232341841676734e-01
4.929600000000053904e-04,1.000000000000000000e+00,9.854692716549721121e-01
4.939600000000054147e-04,1.000000000000000000e+00,9.856138560166144424e-01
4.949600000000054390e-04,1.000000000000000000e+00,9.857570017278921570e-01
4.959600000000054633e-04,1.000000000000000000e+00,9.858987231037340537e-01
4.969600000000054876e-04,1.000000000000000000e+00,9.860390343166322014e-01
4.979600000000055119e-04,1.000000000000000000e+00,9.861779493980589173e-01
4.989600000000055362e-04,1.000000000000000000e+00,9.863154822398692012e-01
4.999600000000055606e-04,1.000000000000000000e+00,9.864516465956914004e-01
5.009600000000055849e-04,1.000000000000000000e+00,9.865864560823015550e-01
5.010000000000000347e-04,1.000000000000000000e+00,9.865918204269986669e-01
5.010799999999889344e-04,8.400000000222005436e-01,9.864746407144612261e-01
5.012399999999667339e-04,5.200000000666016309e-01,9.859846732634179878e-01
5.015599999999223327e-04,-1.199999998445959726e-01,9.834735401227038265e-01
5.020000000000000590e-04,-1.000000000000000000e+00,9.766971645715214478e-01
5.020639999999912005e-04,-1.000000000000000000e+00,9.754328875236817353e-01
5.021919999999734834e-04,-1.000000000000000000e+00,9.729059506675900026e-01
5.024479999999379408e-04,-1.000000000000000000e+00,9.678617679884101710e-01
5.029599999998668556e-04,-1.000000000000000000e+00,9.578120430335881341e-01
5.039599999998668799e-04,-1.000000000000000000e+00,9.383313261874829392e-01
5.049599999998669042e-04,-1.000000000000000000e+00,9.190444473199458342e-01
5.059599999998669285e-04,-1.000000000000000000e+00,8.999494776948719910e-01
5.069599999998669528e-04,-1.000000000000000000e+00,8.810445077675600478e-01
5.079599999998669771e-04,-1.000000000000000000e+00,8.623276469937535271e-01
5.089599999998670014e-04,-1.000000000000000000e+00,8.437970236405820668e-01
5.099599999998670257e-04,-1.000000000000000000e+00,8.254507845993823700e-01
5.109599999998670500e-04,-1.000000000000000000e+00,8.072870952003836642e-01
5.119599999998670744e-04,-1.000000000000000000e+00,7.893041390292355741e-01
5.129599999998670987e-04,-1.000000000000000000e+00,7.715001177453626457e-01
5.139599999998671230e-04,-1.000000000000000000e+00,7.538732509021253136e-01
5.149599999998671473e-04,-1.000000000000000000e+00,7.364217757687709920e-01
5.159599999998671716e-04,-1.000000000000000000e+00,7.191439471541563044e-01
5.169599999998671959e-04,-1.000000000000000000e+00,7.020380372322243545e-01
5.179599999998672202e-04,-1.000000000000000000e+00,6.851023353692172746e-01
5.189599999998672445e-04,-1.000000000000000000e+00,6.683351479526081773e-01
5.199599999998672688e-04,-1.000000000000000000e+00,6.517347982217363001e-01
5.209599999998672931e-04,-1.000000000000000000e+00,6.352996261001270240e-01
5.219599999998673174e-04,-1.000000000000000000e+00,6.190279880294791148e-01
5.229599999998673417e-04,-1.000000000000000000e+00,6.029182568053053082e-01
5.239599999998673660e-04,-1.000000000000000000e+00,5.869688214142078087e-01
5.249599999998673903e-04,-1.000000000000000000e+00,5.711780868727730498e-01
5.259599999998674147e-04,-1.000000000000000000e+00,5.555444740680688387e-01
5.269599999998674390e-04,-1.000000000000000000e+00,5.400664195997298966e-01
5.279599999998674633e-04,-1.000000000000000000e+00,5.247423756236133663e-01
5.289599999998674876e-04,-1.000000000000000000e+00,5.095708096970104073e-01
5.299599999998675119e-04,-1.000000000000000000e+00,4.945502046253983930e-01
5.309599999998675362e-04,-1.000000000000000000e+00,4.796790583107179429e-01
5.319599999998675605e-04,-1.000000000000000000e+00,4.649558836011586926e-01
5.329599999998675848e-04,-1.000000000000000000e+00,4.503792081424407567e-01
5.339599999998676091e-04,-1.000000000000000000e+00,4.359475742305756740e-01
5.349599999998676334e-04,-1.000000000000000000e+00,4.216595386660923483e-01
5.359599999998676577e-04,-1.000000000000000000e+00,4.075136726097132733e-01
5.369599999998676820e-04,-1.000000000000000000e+00,3.935085614394674414e-01
5.379599999998677063e-04,-1.000000000000000000e+00,3.796428046092240605e-01
5.389599999998677306e-04,-1.000000000000000000e+00,3.659150155086348666e-01
5.399599999998677550e-04,-1.000000000000000000e+00,3.523238213244694328e-01
5.409599999998677793e-04,-1.000000000000000000e+00,3.388678629033304301e-01
5.419599999998678036e-04,-1.000000000000000000e+00,3.255457946157350735e-01
5.429599999998678279e-04,-1.000000000000000000e+00,3.123562842215485968e-01
5.439599999998678522e-04,-1.000000000000000000e+00,2.992980127367571019e-01
5.449599999998678765e-04,-1.000000000000000000e+00,2.863696743015654578e-01
5.459599999998679008e-04,-1.000000000000000000e+00,2.735699760498085387e-01
5.469599999998679251e-04,-1.000000000000000000e+00,2.608976379796611456e-01
5.479599999998679494e-04,-1.000000000000000000e+00,2.483513928256346759e-01
5.489599999998679737e-04,-1.000000000000000000e+00,2.359299859318472470e-01
5.499599999998679980e-04,-1.000000000000000000e+00,2.236321751265551994e-01
5.509599999998680223e-04,-1.000000000000000000e+00,2.114567305979327683e-01
5.519599999998680466e-04,-1.000000000000000000e+00,1.994024347710876555e-01
5.529599999998680709e-04,-1.000000000000000000e+00,1.874680821863007607e-01
5.539599999998680952e-04,-1.000000000000000000e+00,1.756524793784769445e-01
5.549599999998681196e-04,-1.000000000000000000e+00,1.639544447577955533e-01
5.559599999998681439e-04,-1.000000000000000000e+00,1.523728084915488556e-01
5.569599999998681682e-04,-1.000000000000000000e+00,1.409064123871553442e-01
5.579599999998681925e-04,-1.000000000000000000e+00,1.295541097763378557e-01
5.589599999998682168e-04,-1.000000000000000000e+00,1.183147654004538946e-01
5.599599999998682411e-04,-1.000000000000000000e+00,1.071872552969667797e-01
5.609599999998682654e-04,-1.000000000000000000e+00,9.617046668704670731e-02
5.619599999998682897e-04,-1.000000000000000000e+00,8.526329786429000246e-02
5.629599999998683140e-04,-1.000000000000000000e+00,7.446465808454580393e-02
5.639599999998683383e-04,-1.000000000000000000e+00,6.377346745683885876e-02
5.649599999998683626e-04,-1.000000000000000000e+00,5.318865683537776085e-02
5.659599999998683869e-04,-1.000000000000000000e+00,4.270916771263769812e-02
5.669599999998684112e-04,-1.000000000000000000e+00,3.233395211350698073e-02
5.679599999998684355e-04,-1.000000000000000000e+00,2.206197249048701473e-02
5.689599999998684599e-04,-1.000000000000000000e+00,1.189220161993490531e-02
5.699599999998684842e-04,-1.000000000000000000e+00,1.823622499338536018e-03
5.709599999998685085e-04,-1.000000000000000000e+00,-8.144771754386227400e-03
5.719599999998685328e-04,-1.000000000000000000e+00,-1.801397800558636811e-02
5.729599999998685571e-04,-1.000000000000000000e+00,-2.778498319956063459e-02
5.739599999998685814e-04,-1.000000000000000000e+00,-3.745876446125655235e-02
5.749599999998686057e-04,-1.000000000000000000e+00,-4.703628919298535188e-02
5.759599999998686300e-04,-1.000000000000000000e+00,-5.651851517116460860e-02
5.769599999998686543e-04,-1.000000000000000000e+00,-6.590639064209828646e-02
5.779599999998686786e-04,-1.000000000000000000e+00,-7.520085441680376959e-02
5.789599999998687029e-04,-1.000000000000000000e+00,-8.440283596489528417e-02
5.799599999998687272e-04,-1.000000000000000000e+00,-9.351325550753315785e-02
5.809599999998687515e-04,-1.000000000000000000e+00,-1.025330241094482842e-01
5.819599999998687758e-04,-1.000000000000000000e+00,-1.114630437700508125e-01
5.829599999998688001e-04,-1.000000000000000000e+00,-1.203042075136324246e-01
5.839599999998688245e-04,-1.000000000000000000e+00,-1.290573994786709533e-01
5.849599999998688488e-04,-1.000000000000000000e+00,-1.377234950062464214e-01
5.859599999998688731e-04,-1.000000000000000000e+00,-1.463033607275773251e-01
5.869599999998688974e-04,-1.000000000000000000e+00,-1.547978546506860176e-01
5.879599999998689217e-04,-1.000000000000000000e+00,-1.632078262462016149e-01
5.889599999998689460e-04,-1.000000000000000000e+00,-1.715341165323090999e-01
5.899599999998689703e-04,-1.000000000000000000e+00,-1.797775581588533511e-01
5.909599999998689946e-04,-1.000000000000000000e+00,-1.879389754906060916e-01
5.919599999998690189e-04,-1.000000000000000000e+00,-1.960191846897045564e-01
5.929599999998690432e-04,-1.000000000000000000e+00,-2.040189937972697043e-01
5.939599999998690675e-04,-1.000000000000000000e+00,-2.119392028142123297e-01
5.949599999998690918e-04,-1.000000000000000000e+00,-2.197806037812351510e-01
5.959599999998691161e-04,-1.000000000000000000e+00,-2.275439808580387857e-01
5.969599999998691404e-04,-1.000000000000000000e+00,-2.352301104017398836e-01
5.979599999998691648e-04,-1.000000000000000000e+00,-2.428397610445086341e-01
5.989599999998691891e-04,-1.000000000000000000e+00,-2.503736937704339471e-01
5.999599999998692134e-04,-1.000000000000000000e+00,-2.578326619916238016e-01
6.009599999998692377e-04,-1.000000000000000000e+00,-2.652174116235480050e-01
6.019599999998692620e-04,-1.000000000000000000e+00,-2.725286811596321357e-01
6.029599999998692863e-04,-1.000000000000000000e+00,-2.797672017451084403e-01
6.039599999998693106e-04,-1.000000000000000000e+00,-2.869336972501322913e-01
6.049599999998693349e-04,-1.000000000000000000e+00,-2.940288843421708931e-01
6.059599999998693592e-04,-1.000000000000000000e+00,-3.010534725576717308e-01
6.069599999998693835e-04,-1.000000000000000000e+00,-3.080081643730182561e-01
6.079599999998694078e-04,-1.000000000000000000e+00,-3.148936552747791939e-01
6.089599999998694321e-04,-1.000000000000000000e+00,-3.217106338292589074e-01
6.099599999998694564e-04,-1.000000000000000000e+00,-3.284597817513558171e-01
6.109599999998694807e-04,-1.000000000000000000e+00,-3.351417739727353129e-01
6.119599999998695051e-04,-1.000000000000000000e+00,-3.417572787093250963e-01
6.129599999998695294e-04,-1.000000000000000000e+00,-3.483069575281378394e-01
6.139599999998695537e-04,-1.000000000000000000e+00,-3.547914654134299850e-01
6.149599999998695780e-04,-1.000000000000000000e+00,-3.612114508322017969e-01
6.159599999998696023e-04,-1.000000000000000000e+00,-3.675675557990456532e-01
6.169599999998696266e-04,-1.000000000000000000e+00,-3.738604159403488003e-01
6.179599999998696509e-04,-1.000000000000000000e+00,-3.800906605578578401e-01
6.189599999998696752e-04,-1.000000000000000000e+00,-3.862589126916105009e-01
6.199599999998696995e-04,-1.000000000000000000e+00,-3.923657891822412425e-01
6.209599999998697238e-04,-1.000000000000000000e+00,-3.984119007326666906e-01
6.219599999998697481e-04,-1.000000000000000000e+00,-4.043978519691576734e-01
6.229599999998697724e-04,-1.000000000000000000e+00,-4.103242415018028000e-01
6.239599999998697967e-04,-1.000000000000000000e+00,-4.161916619843719634e-01
6.249599999998698210e-04,-1.000000000000000000e+00,-4.220007001735822105e-01
6.259599999998698453e-04,-1.000000000000000000e+00,-4.277519369877754718e-01
6.269599999998698697e-04,-1.000000000000000000e+00,-4.334459475650116467e-01
6.279599999998698940e-04,-1.000000000000000000e+00,-4.390833013205837632e-01
6.289599999998699183e-04,-1.000000000000000000e+00,-4.446645620039610947e-01
6.299599999998699426e-04,-1.000000000000000000e+00,-4.501902877551653970e-01
6.309599999998699669e-04,-1.000000000000000000e+00,-4.556610311605866492e-01
6.319599999998699912e-04,-1.000000000000000000e+00,-4.610773393082425731e-01
6.329599999998700155e-04,-1.000000000000000000e+00,-4.664397538424889800e-01
6.339599999998700398e-04,-1.000000000000000000e+00,-4.717488110181857763e-01
6.349599999998700641e-04,-1.000000000000000000e+00,-4.770050417543232890e-01
6.359599999998700884e-04,-1.000000000000000000e+00,-4.822089716871161280e-01
6.369599999998701127e-04,-1.000000000000000000e+00,-4.873611212225676947e-01
6.379599999998701370e-04,-1.000000000000000000e+00,-4.924620055885123304e-01
6.389599999998701613e-04,-1.000000000000000000e+00,-4.975121348861390458e-01
6.399599999998701856e-04,-1.000000000000000000e+00,-5.025120141410034380e-01
6.409599999998702100e-04,-1.000000000000000000e+00,-5.074621433535307924e-01
6.419599999998702343e-04,-1.000000000000000000e+00,-5.123630175490180294e-01
6.429599999998702586e-04,-1.000000000000000000e+00,-5.172151268271372171e-01
6.439599999998702829e-04,-1.000000000000000000e+00,-5.220189564109467550e-01
6.449599999998703072e-04,-1.000000000000000000e+00,-5.267749866954148930e-01
6.459599999998703315e-04,-1.000000000000000000e+00,-5.314836932954605242e-01
6.469599999998703558e-04,-1.000000000000000000e+00,-5.361455470935156953e-01
6.479599999998703801e-04,-1.000000000000000000e+00,-5.407610142866150493e-01
6.489599999998704044e-04,-1.000000000000000000e+00,-5.453305564330169775e-01
6.499599999998704287e-04,-1.000000000000000000e+00,-5.498546304983601418e-01
6.509599999998704530e-04,-1.000000000000000000e+00,-5.543336889013616986e-01
6.519599999998704773e-04,-1.000000000000000000e+00,-5.587681795590596634e-01
6.529599999998705016e-04,-1.000000000000000000e+00,-5.631585459316064135e-01
6.539599999998705259e-04,-1.000000000000000000e+00,-5.675052270666154364e-01
6.549599999998705502e-04,-1.000000000000000000e+00,-5.718086576430670975e-01
6.559599999998705746e-04,-1.000000000000000000e+00,-5.760692680147779798e-01
6.569599999998705989e-04,-1.000000000000000000e+00,-5.802874842534370137e-01
6.579599999998706232e-04,-1.000000000000000000e+00,-5.844637281912137272e-01
6.589599999998706475e-04,-1.000000000000000000e+00,-5.885984174629429466e-01
6.599599999998706718e-04,-1.000000000000000000e+00,-5.926919655478888327e-01
6.609599999998706961e-04,-1.000000000000000000e+00,-5.967447818110940272e-01
6.619599999998707204e-04,-1.000000000000000000e+00,-6.007572715443171285e-01
6.629599999998707447e-04,-1.000000000000000000e+00,-6.047298360065628264e-01
6.639599999998707690e-04,-1.000000000000000000e+00,-6.086628724642090260e-01
6.649599999998707933e-04,-1.000000000000000000e+00,-6.125567742307342911e-01
6.659599999998708176e-04,-1.000000000000000000e+00,-6.164119307060506037e-01
6.669599999998708419e-04,-1.000000000000000000e+00,-6.202287274154432151e-01
6.679599999998708662e-04,-1.000000000000000000e+00,-6.240075460481254721e-01
6.689599999998708905e-04,-1.000000000000000000e+00,-6.277487644954078405e-01
6.699599999998709149e-04,-1.000000000000000000e+00,-6.314527568884885644e-01
6.709599999998709392e-04,-1.000000000000000000e+00,-6.351198936358668501e-01
6.719599999998709635e-04,-1.000000000000000000e+00,-6.387505414603857901e-01
6.729599999998709878e-04,-1.000000000000000000e+00,-6.423450634359042510e-01
6.739599999998710121e-04,-1.000000000000000000e+00,-6.459038190236066068e-01
6.749599999998710364e-04,-1.000000000000000000e+00,-6.494271641079486512e-01
6.759599999998710607e-04,-1.000000000000000000e+00,-6.529154510322476845e-01
6.769599999998710850e-04,-1.000000000000000000e+00,-6.563690286339167734e-01
6.779599999998711093e-04,-1.000000000000000000e+00,-6.597882422793505119e-01
6.789599999998711336e-04,-1.000000000000000000e+00,-6.631734338984616173e-01
6.799599999998711579e-04,-1.000000000000000000e+00,-6.665249420188749108e-01
6.809599999998711822e-04,-1.000000000000000000e+00,-6.698431017997814596e-01
6.819599999998712065e-04,-1.000000000000000000e+00,-6.731282450654553218e-01
6.829599999998712308e-04,-1.000000000000000000e+00,-6.763807003384358918e-01
6.839599999998712552e-04,-1.000000000000000000e+00,-6.796007928723819536e-01
6.849599999998712795e-04,-1.000000000000000000e+00,-6.827888446845973291e-01
6.859599999998713038e-04,-1.000000000000000000e+00,-6.859451745882332308e-01
6.869599999998713281e-04,-1.000000000000000000e+00,-6.890700982241712014e-01
6.879599999998713524e-04,-1.000000000000000000e+00,-6.921639280925874216e-01
6.889599999998713767e-04,-1.000000000000000000e+00,-6.952269735842036003e-01
6.899599999998714010e-04,-1.000000000000000000e+00,-6.982595410112266698e-01
6.909599999998714253e-04,-1.000000000000000000e+00,-7.012619336379809498e-01
6.919599999998714496e-04,-1.000000000000000000e+00,-7.042344517112349989e-01
6.929599999998714739e-04,-1.000000000000000000e+00,-7.071773924902275965e-01
6.939599999998714982e-04,-1.000000000000000000e+00,-7.100910502763945198e-01
6.949599999998715225e-04,-1.000000000000000000e+00,-7.129757164427986682e-01
6.959599999998715468e-04,-1.000000000000000000e+00,-7.158316794632684221e-01
6.969599999998715711e-04,-1.000000000000000000e+00,-7.186592249412458999e-01
6.979599999998715954e-04,-1.000000000000000000e+00,-7.214586356383478893e-01
6.989599999998716198e-04,-1.000000000000000000e+00,-7.242301915026431169e-01
6.999599999998716441e-04,-1.000000000000000000e+00,-7.269741696966468547e-01
7.009599999998716684e-04,-1.000000000000000000e+00,-7.296908446250385261e-01
7.019599999998716927e-04,-1.000000000000000000e+00,-7.323804879621029773e-01
7.029599999998717170e-04,-1.000000000000000000e+00,-7.350433686788980792e-01
7.039599999998717413e-04,-1.000000000000000000e+00,-7.376797530701529881e-01
7.049599999998717656e-04,-1.000000000000000000e+00,-7.402899047808979560e-01
7.059599999998717899e-04,-1.000000000000000000e+00,-7.428740848328295732e-01
7.069599999998718142e-04,-1.000000000000000000e+00,-7.454325516504134441e-01
7.079599999998718385e-04,-1.000000000000000000e+00,-7.479655610867278481e-01
7.089599999998718628e-04,-1.000000000000000000e+00,-7.504733664490491618e-01
7.099599999998718871e-04,-1.000000000000000000e+00,-7.529562185241831518e-01
7.109599999998719114e-04,-1.000000000000000000e+00,-7.554143656035444687e-01
7.119599999998719357e-04,-1.000000000000000000e+00,-7.578480535079870073e-01
7.129599999998719601e-04,-1.000000000000000000e+00,-7.602575256123854652e-01
7.139599999998719844e-04,-1.000000000000000000e+00,-7.626430228699737635e-01
7.149599999998720087e-04,-1.000000000000000000e+00,-7.650047838364417707e-01
7.159599999998720330e-04,-1.000000000000000000e+00,-7.673430446937906657e-01
7.169599999998720573e-04,-1.000000000000000000e+00,-7.696580392739520438e-01
7.179599999998720816e-04,-1.000000000000000000e+00,-7.719499990821714341e-01
7.189599999998721059e-04,-1.000000000000000000e+00,-7.742191533201597808e-01
7.199599999998721302e-04,-1.000000000000000000e+00,-7.764657289090141079e-01
7.209599999998721545e-04,-1.000000000000000000e+00,-7.786899505119095899e-01
7.219599999998721788e-04,-1.000000000000000000e+00,-7.808920405565671352e-01
7.229599999998722031e-04,-1.000000000000000000e+00,-7.830722192574969265e-01
7.239599999998722274e-04,-1.000000000000000000e+00,-7.852307046380194722e-01
7.249599999998722517e-04,-1.000000000000000000e+00,-7.873677125520690545e-01
7.259599999998722760e-04,-1.000000000000000000e+00,-7.894834567057797958e-01
7.269599999998723003e-04,-1.000000000000000000e+00,-7.915781486788566745e-01
7.279599999998723247e-04,-1.000000000000000000e+00,-7.936519979457339335e-01
7.289599999998723490e-04,-1.000000000000000000e+00,-7.957052118965228793e-01
7.299599999998723733e-04,-1.000000000000000000e+00,-7.977379958577515140e-01
7.309599999998723976e-04,-1.000000000000000000e+00,-7.997505531128982215e-01
7.319599999998724219e-04,-1.000000000000000000e+00,-8.017430849227201728e-01
7.329599999998724462e-04,-1.000000000000000000e+00,-8.037157905453796714e-01
7.339599999998724705e-04,-1.000000000000000000e+00,-8.056688672563708797e-01
7.349599999998724948e-04,-1.000000000000000000e+00,-8.076025103682477058e-01
7.359599999998725191e-04,-1.000000000000000000e+00,-8.095169132501558451e-01
7.369599999998725434e-04,-1.000000000000000000e+00,-8.114122673471692027e-01
7.379599999998725677e-04,-1.000000000000000000e+00,-8.132887621994362437e-01
7.389599999998725920e-04,-1.000000000000000000e+00,-8.151465854611334994e-01
7.399599999998726163e-04,-1.000000000000000000e+00,-8.169859229192318884e-01
7.409599999998726406e-04,-1.000000000000000000e+00,-8.188069585120753002e-01
7.419599999998726650e-04,-1.000000000000000000e+00,-8.206098743477762136e-01
7.429599999998726893e-04,-1.000000000000000000e+00,-8.223948507224253524e-01
7.439599999998727136e-04,-1.000000000000000000e+00,-8.241620661381224844e-01
7.449599999998727379e-04,-1.000000000000000000e+00,-8.259116973208276979e-01
7.459599999998727622e-04,-1.000000000000000000e+00,-8.276439192380333765e-01
7.469599999998727865e-04,-1.000000000000000000e+00,-8.293589051162618686e-01
7.479599999998728108e-04,-1.000000000000000000e+00,-8.310568264583886311e-01
7.489599999998728351e-04,-1.000000000000000000e+00,-8.327378530607926210e-01
7.499599999998728594e-04,-1.000000000000000000e+00,-8.344021530303370460e-01
7.509599999998728837e-04,-1.000000000000000000e+00,-8.360498928011794728e-01
7.519599999998729080e-04,-1.000000000000000000e+00,-8.376812371514162914e-01
7.529599999998729323e-04,-1.000000000000000000e+00,-8.392963492195614217e-01
7.539599999998729566e-04,-1.000000000000000000e+00,-8.408953905208594870e-01
7.549599999998729809e-04,-1.000000000000000000e+00,-8.424785209634382266e-01
7.559599999998730053e-04,-1.000000000000000000e+00,-8.440458988642997040e-01
7.569599999998730296e-04,-1.000000000000000000e+00,-8.455976809651525317e-01
7.579599999998730539e-04,-1.000000000000000000e+00,-8.471340224480863323e-01
7.589599999998730782e-04,-1.000000000000000000e+00,-8.486550769510904368e-01
7.599599999998731025e-04,-1.000000000000000000e+00,-8.501609965834179272e-01
7.609599999998731268e-04,-1.000000000000000000e+00,-8.516519319407968025e-01
7.619599999998731511e-04,-1.000000000000000000e+00,-8.531280321204902650e-01
7.629599999998731754e-04,-1.000000000000000000e+00,-8.545894447362069046e-01
7.639599999998731997e-04,-1.000000000000000000e+00,-8.560363159328617799e-01
7.649599999998732240e-04,-1.000000000000000000e+00,-8.574687904011917272e-01
7.659599999998732483e-04,-1.000000000000000000e+00,-8.588870113922246752e-01
7.669599999998732726e-04,-1.000000000000000000e+00,-8.602911207316056297e-01
7.679599999998732969e-04,-1.000000000000000000e+00,-8.616812588337786627e-01
7.689599999998733212e-04,-1.000000000000000000e+00,-8.630575647160293462e-01
7.699599999998733455e-04,-1.000000000000000000e+00,-8.644201760123870759e-01
7.709599999998733699e-04,-1.000000000000000000e+00,-8.657692289873880620e-01
7.719599999998733942e-04,-1.000000000000000000e+00,-8.671048585497026506e-01
7.729599999998734185e-04,-1.000000000000000000e+00,-8.684271982656261990e-01
7.739599999998734428e-04,-1.000000000000000000e+00,-8.697363803724358355e-01
7.749599999998734671e-04,-1.000000000000000000e+00,-8.710325357916155475e-01
7.759599999998734914e-04,-1.000000000000000000e+00,-8.723157941419479311e-01
7.769599999998735157e-04,-1.000000000000000000e+00,-8.735862837524759339e-01
7.779599999998735400e-04,-1.000000000000000000e+00,-8.748441316753370334e-01
7.789599999998735643e-04,-1.000000000000000000e+00,-8.760894636984680739e-01
7.799599999998735886e-04,-1.000000000000000000e+00,-8.773224043581848708e-01
7.809599999998736129e-04,-1.000000000000000000e+00,-8.785430769516359151e-01
7.819599999998736372e-04,-1.000000000000000000e+00,-8.797516035491321773e-01
7.829599999998736615e-04,-1.000000000000000000e+00,-8.809481050063550089e-01
7.839599999998736858e-04,-1.000000000000000000e+00,-8.821327009764412530e-01
7.849599999998737102e-04,-1.000000000000000000e+00,-8.833055099219492279e-01
7.859599999998737345e-04,-1.000000000000000000e+00,-8.844666491267060282e-01
7.869599999998737588e-04,-1.000000000000000000e+00,-8.856162347075349217e-01
7.879599999998737831e-04,-1.000000000000000000e+00,-8.867543816258681710e-01
7.889599999998738074e-04,-1.000000000000000000e+00,-8.878812036992428380e-01
7.899599999998738317e-04,-1.000000000000000000e+00,-8.889968136126832343e-01
7.909599999998738560e-04,-1.000000000000000000e+00,-8.901013229299700180e-01
7.919599999998738803e-04,-1.000000000000000000e+00,-8.911948421047962698e-01
7.929599999998739046e-04,-1.000000000000000000e+00,-8.922774804918134350e-01
7.939599999998739289e-04,-1.000000000000000000e+00,-8.933493463575665761e-01
7.949599999998739532e-04,-1.000000000000000000e+00,-8.944105468913222667e-01
7.959599999998739775e-04,-1.000000000000000000e+00,-8.954611882157870184e-01
7.969599999998740018e-04,-1.000000000000000000e+00,-8.965013753977196798e-01
7.979599999998740261e-04,-1.000000000000000000e+00,-8.975312124584389206e-01
7.989599999998740504e-04,-1.000000000000000000e+00,-8.985508023842256886e-01
7.999599999998740748e-04,-1.000000000000000000e+00,-8.995602471366215269e-01
8.009599999998740991e-04,-1.000000000000000000e+00,-9.005596476626254177e-01
8.019599999998741234e-04,-1.000000000000000000e+00,-9.015491039047884847e-01
8.029599999998741477e-04,-1.000000000000000000e+00,-9.025287148112086655e-01
8.039599999998741720e-04,-1.000000000000000000e+00,-9.034985783454255737e-01
8.049599999998741963e-04,-1.000000000000000000e+00,-9.044587914962175512e-01
8.059599999998742206e-04,-1.000000000000000000e+00,-9.054094502873001327e-01
8.069599999998742449e-04,-1.000000000000000000e+00,-9.063506497869292522e-01
8.079599999998742692e-04,-1.000000000000000000e+00,-9.072824841174079724e-01
8.089599999998742935e-04,-1.000000000000000000e+00,-9.082050464644988441e-01
8.099599999998743178e-04,-1.000000000000000000e+00,-9.091184290867428963e-01
8.109599999998743421e-04,-1.000000000000000000e+00,-9.100227233246858116e-01
8.119599999998743664e-04,-1.000000000000000000e+00,-9.109180196100123972e-01
8.129599999998743907e-04,-1.000000000000000000e+00,-9.118044074745892402e-01
8.139599999998744151e-04,-1.000000000000000000e+00,-9.126819755594193229e-01
8.149599999998744394e-04,-1.000000000000000000e+00,-9.135508116235049325e-01
8.159599999998744637e-04,-1.000000000000000000e+00,-9.144110025526244190e-01
8.169599999998744880e-04,-1.000000000000000000e+00,-9.152626343680214660e-01
8.179599999998745123e-04,-1.000000000000000000e+00,-9.161057922350066551e-01
8.189599999998745366e-04,-1.000000000000000000e+00,-9.169405604714744307e-01
8.199599999998745609e-04,-1.000000000000000000e+00,-9.177670225563353545e-01
8.209599999998745852e-04,-1.000000000000000000e+00,-9.185852611378644283e-01
8.219599999998746095e-04,-1.000000000000000000e+00,-9.193953580419652605e-01
8.229599999998746338e-04,-1.000000000000000000e+00,-9.201973942803537421e-01
8.239599999998746581e-04,-1.000000000000000000e+00,-9.209914500586587893e-01
8.249599999998746824e-04,-1.000000000000000000e+00,-9.217776047844432608e-01
8.259599999998747067e-04,-1.000000000000000000e+00,-9.225559370751454935e-01
8.269599999998747310e-04,-1.000000000000000000e+00,-9.233265247659401265e-01
8.279599999998747554e-04,-1.000000000000000000e+00,-9.240894449175228731e-01
8.289599999998747797e-04,-1.000000000000000000e+00,-9.248447738238163573e-01
8.299599999998748040e-04,-1.000000000000000000e+00,-9.255925870195994554e-01
8.309599999998748283e-04,-1.000000000000000000e+00,-9.263329592880611418e-01
8.319599999998748526e-04,-1.000000000000000000e+00,-9.270659646682793964e-01
8.329599999998748769e-04,-1.000000000000000000e+00,-9.277916764626249480e-01
8.339599999998749012e-04,-1.000000000000000000e+00,-9.285101672440914111e-01
8.349599999998749255e-04,-1.000000000000000000e+00,-9.292215088635532583e-01
8.359599999998749498e-04,-1.000000000000000000e+00,-9.299257724569508499e-01
8.369599999998749741e-04,-1.000000000000000000e+00,-9.306230284524042995e-01
8.379599999998749984e-04,-1.000000000000000000e+00,-9.313133465772562847e-01
8.389599999998750227e-04,-1.000000000000000000e+00,-9.319967958650448026e-01
8.399599999998750470e-04,-1.000000000000000000e+00,-9.326734446624076469e-01
8.409599999998750713e-04,-1.000000000000000000e+00,-9.333433606359162749e-01
8.419599999998750956e-04,-1.000000000000000000e+00,-9.340066107788428384e-01
8.429599999998751200e-04,-1.000000000000000000e+00,-9.346632614178593812e-01
8.439599999998751443e-04,-1.000000000000000000e+00,-9.353133782196717538e-01
8.449599999998751686e-04,-1.000000000000000000e+00,-9.359570261975858063e-01
8.459599999998751929e-04,-1.000000000000000000e+00,-9.365942697180081877e-01
8.469599999998752172e-04,-1.000000000000000000e+00,-9.372251725068837525e-01
8.479599999998752415e-04,-1.000000000000000000e+00,-9.378497976560690175e-01
8.489599999998752658e-04,-1.000000000000000000e+00,-9.384682076296404496e-01
8.499599999998752901e-04,-1.000000000000000000e+00,-9.390804642701415794e-01
8.509599999998753144e-04,-1.000000000000000000e+00,-9.396866288047671656e-01
8.519599999998753387e-04,-1.000000000000000000e+00,-9.402867618514860748e-01
8.529599999998753630e-04,-1.000000000000000000e+00,-9.408809234251034326e-01
8.539599999998753873e-04,-1.000000000000000000e+00,-9.414691729432617118e-01
8.549599999998754116e-04,-1.000000000000000000e+00,-9.420515692323836454e-01
8.559599999998754359e-04,-1.000000000000000000e+00,-9.426281705335539662e-01
8.569599999998754603e-04,-1.000000000000000000e+00,-9.431990345083444138e-01
8.579599999998754846e-04,-1.000000000000000000e+00,-9.437642182445801220e-01
8.589599999998755089e-04,-1.000000000000000000e+00,-9.443237782620472753e-01
8.599599999998755332e-04,-1.000000000000000000e+00,-9.448777705181464759e-01
8.609599999998755575e-04,-1.000000000000000000e+00,-9.454262504134882672e-01
8.619599999998755818e-04,-1.000000000000000000e+00,-9.459692727974335913e-01
8.629599999998756061e-04,-1.000000000000000000e+00,-9.465068919735787345e-01
8.639599999998756304e-04,-1.000000000000000000e+00,-9.470391617051850952e-01
8.649599999998756547e-04,-1.000000000000000000e+00,-9.475661352205565491e-01
8.659599999998756790e-04,-1.000000000000000000e+00,-9.480878652183620803e-01
8.669599999998757033e-04,-1.000000000000000000e+00,-9.486044038729060102e-01
8.679599999998757276e-04,-1.000000000000000000e+00,-9.491158028393448243e-01
8.689599999998757519e-04,-1.000000000000000000e+00,-9.496221132588540392e-01
8.699599999998757762e-04,-1.000000000000000000e+00,-9.501233857637413349e-01
8.709599999998758005e-04,-1.000000000000000000e+00,-9.506196704825102817e-01
8.719599999998758249e-04,-1.000000000000000000e+00,-9.511110170448735524e-01
8.729599999998758492e-04,-1.000000000000000000e+00,-9.515974745867156193e-01
8.739599999998758735e-04,-1.000000000000000000e+00,-9.520790917550067123e-01
8.749599999998758978e-04,-1.000000000000000000e+00,-9.525559167126681492e-01
8.759599999998759221e-04,-1.000000000000000000e+00,-9.530279971433878172e-01
8.769599999998759464e-04,-1.000000000000000000e+00,-9.534953802563889136e-01
8.779599999998759707e-04,-1.000000000000000000e+00,-9.539581127911511693e-01
8.789599999998759950e-04,-1.000000000000000000e+00,-9.544162410220848880e-01
8.799599999998760193e-04,-1.000000000000000000e+00,-9.548698107631589105e-01
8.809599999998760436e-04,-1.000000000000000000e+00,-9.553188673724810620e-01
8.819599999998760679e-04,-1.000000000000000000e+00,-9.557634557568346345e-01
8.829599999998760922e-04,-1.000000000000000000e+00,-9.562036203761696829e-01
8.839599999998761165e-04,-1.000000000000000000e+00,-9.566394052480486909e-01
8.849599999998761408e-04,-1.000000000000000000e+00,-9.570708539520483837e-01
8.859599999998761652e-04,-1.000000000000000000e+00,-9.574980096341177971e-01
8.869599999998761895e-04,-1.000000000000000000e+00,-9.579209150108929371e-01
8.879599999998762138e-04,-1.000000000000000000e+00,-9.583396123739688077e-01
8.889599999998762381e-04,-1.000000000000000000e+00,-9.587541435941285828e-01
8.899599999998762624e-04,-1.000000000000000000e+00,-9.591645501255303685e-01
8.909599999998762867e-04,-1.000000000000000000e+00,-9.595708730098535533e-01
8.919599999998763110e-04,-1.000000000000000000e+00,-9.599731528804024139e-01
8.929599999998763353e-04,-1.000000000000000000e+00,-9.603714299661696430e-01
8.939599999998763596e-04,-1.000000000000000000e+00,-9.607657440958594641e-01
8.949599999998763839e-04,-1.000000000000000000e+00,-9.611561347018710011e-01
8.959599999998764082e-04,-1.000000000000000000e+00,-9.615426408242407907e-01
8.969599999998764325e-04,-1.000000000000000000e+00,-9.619253011145472154e-01
8.979599999998764568e-04,-1.000000000000000000e+00,-9.623041538397757444e-01
8.989599999998764811e-04,-1.000000000000000000e+00,-9.626792368861462057e-01
8.999599999998765055e-04,-1.000000000000000000e+00,-9.630505877629012002e-01
9.009599999998765298e-04,-1.000000000000000000e+00,-9.634182436060565458e-01
9.019599999998765541e-04,-1.000000000000000000e+00,-9.637822411821158619e-01
9.029599999998765784e-04,-1.000000000000000000e+00,-9.641426168917466288e-01
9.039599999998766027e-04,-1.000000000000000000e+00,-9.644994067734208310e-01
9.049599999998766270e-04,-1.000000000000000000e+00,-9.648526465070185187e-01
9.059599999998766513e-04,-1.000000000000000000e+00,-9.652023714173965097e-01
9.069599999998766756e-04,-1.000000000000000000e+00,-9.655486164779198965e-01
9.079599999998766999e-04,-1.000000000000000000e+00,-9.658914163139605824e-01
9.089599999998767242e-04,-1.000000000000000000e+00,-9.662308052063590669e-01
9.099599999998767485e-04,-1.000000000000000000e+00,-9.665668170948528148e-01
9.109599999998767728e-04,-1.000000000000000000e+00,-9.668994855814710965e-01
9.119599999998767971e-04,-1.000000000000000000e+00,-9.672288439338943000e-01
9.129599999998768214e-04,-1.000000000000000000e+00,-9.675549250887810482e-01
9.139599999998768457e-04,-1.000000000000000000e+00,-9.678777616550618967e-01
9.149599999998768701e-04,-1.000000000000000000e+00,-9.681973859172007257e-01
9.159599999998768944e-04,-1.000000000000000000e+00,-9.685138298384227129e-01
9.169599999998769187e-04,-1.000000000000000000e+00,-9.688271250639109988e-01
9.179599999998769430e-04,-1.000000000000000000e+00,-9.691373029239717107e-01
9.189599999998769673e-04,-1.000000000000000000e+00,-9.694443944371660127e-01
9.199599999998769916e-04,-1.000000000000000000e+00,-9.697484303134131789e-01
9.209599999998770159e-04,-1.000000000000000000e+00,-9.700494409570609156e-01
9.219599999998770402e-04,-1.000000000000000000e+00,-9.703474564699261506e-01
9.229599999998770645e-04,-1.000000000000000000e+00,-9.706425066543052926e-01
9.239599999998770888e-04,-1.000000000000000000e+00,-9.709346210159541801e-01
9.249599999998771131e-04,-1.000000000000000000e+00,-9.712238287670392767e-01
9.259599999998771374e-04,-1.000000000000000000e+00,-9.715101588290590007e-01
9.269599999998771617e-04,-1.000000000000000000e+00,-9.717936398357353012e-01
9.279599999998771860e-04,-1.000000000000000000e+00,-9.720743001358774782e-01
9.289599999998772104e-04,-1.000000000000000000e+00,-9.723521677962174703e-01
9.299599999998772347e-04,-1.000000000000000000e+00,-9.726272706042156102e-01
9.309599999998772590e-04,-1.000000000000000000e+00,-9.728996360708405122e-01
9.319599999998772833e-04,-1.000000000000000000e+00,-9.731692914333197608e-01
9.329599999998773076e-04,-1.000000000000000000e+00,-9.734362636578638428e-01
9.339599999998773319e-04,-1.000000000000000000e+00,-9.737005794423626570e-01
9.349599999998773562e-04,-1.000000000000000000e+00,-9.739622652190556007e-01
9.359599999998773805e-04,-1.000000000000000000e+00,-9.742213471571745664e-01
9.369599999998774048e-04,-1.000000000000000000e+00,-9.744778511655609599e-01
9.379599999998774291e-04,-1.000000000000000000e+00,-9.747318028952569602e-01
9.389599999998774534e-04,-1.000000000000000000e+00,-9.749832277420704685e-01
9.399599999998774777e-04,-1.000000000000000000e+00,-9.752321508491146318e-01
9.409599999998775020e-04,-1.000000000000000000e+00,-9.754785971093224983e-01
9.419599999998775263e-04,-1.000000000000000000e+00,-9.757225911679364705e-01
9.429599999998775506e-04,-1.000000000000000000e+00,-9.759641574249722229e-01
9.439599999998775750e-04,-1.000000000000000000e+00,-9.762033200376591946e-01
9.449599999998775993e-04,-1.000000000000000000e+00,-9.764401029228567674e-01
9.459599999998776236e-04,-1.000000000000000000e+00,-9.766745297594452424e-01
9.469599999998776479e-04,-1.000000000000000000e+00,-9.769066239906946114e-01
9.479599999998776722e-04,-1.000000000000000000e+00,-9.771364088266081271e-01
9.489599999998776965e-04,-1.000000000000000000e+00,-9.773639072462440014e-01
9.499599999998777208e-04,-1.000000000000000000e+00,-9.775891420000127896e-01
9.509599999998777451e-04,-1.000000000000000000e+00,-9.778121356119530150e-01
9.519599999998777694e-04,-1.000000000000000000e+00,-9.780329103819835890e-01
9.529599999998777937e-04,-1.000000000000000000e+00,-9.782514883881332501e-01
9.539599999998778180e-04,-1.000000000000000000e+00,-9.784678914887490198e-01
9.549599999998778423e-04,-1.000000000000000000e+00,-9.786821413246818979e-01
9.559599999998778666e-04,-1.000000000000000000e+00,-9.788942593214511323e-01
9.569599999998778909e-04,-1.000000000000000000e+00,-9.791042666913871706e-01
9.579599999998779153e-04,-1.000000000000000000e+00,-9.793121844357516315e-01
9.589599999998779396e-04,-1.000000000000000000e+00,-9.795180333468387346e-01
9.599599999998779639e-04,-1.000000000000000000e+00,-9.797218340100543044e-01
9.609599999998779882e-04,-1.000000000000000000e+00,-9.799236068059741234e-01
9.619599999998780125e-04,-1.000000000000000000e+00,-9.801233719123825239e-01
9.629599999998780368e-04,-1.000000000000000000e+00,-9.803211493062893300e-01
9.639599999998780611e-04,-1.000000000000000000e+00,-9.805169587659282593e-01
9.649599999998780854e-04,-1.000000000000000000e+00,-9.807108198727352288e-01
9.659599999998781097e-04,-1.000000000000000000e+00,-9.809027520133051237e-01
9.669599999998781340e-04,-1.000000000000000000e+00,-9.810927743813322444e-01
9.679599999998781583e-04,-1.000000000000000000e+00,-9.812809059795281064e-01
9.689599999998781826e-04,-1.000000000000000000e+00,-9.814671656215229190e-01
9.699599999998782069e-04,-1.000000000000000000e+00,-9.816515719337467472e-01
9.709599999998782312e-04,-1.000000000000000000e+00,-9.818341433572917998e-01
9.719599999998782556e-04,-1.000000000000000000e+00,-9.820148981497566210e-01
9.729599999998782799e-04,-1.000000000000000000e+00,-9.821938543870725180e-01
9.739599999998783042e-04,-1.000000000000000000e+00,-9.823710299653106715e-01
9.749599999998783285e-04,-1.000000000000000000e+00,-9.825464426024719256e-01
9.759599999998783528e-04,-1.000000000000000000e+00,-9.827201098402583712e-01
9.769599999998783771e-04,-1.000000000000000000e+00,-9.828920490458278314e-01
9.779599999998782930e-04,-1.000000000000000000e+00,-9.830622774135310271e-01
9.789599999998782089e-04,-1.000000000000000000e+00,-9.832308119666303137e-01
9.799599999998781247e-04,-1.000000000000000000e+00,-9.833976695590022077e-01
9.809599999998780406e-04,-1.000000000000000000e+00,-9.835628668768231497e-01
9.819599999998779565e-04,-1.000000000000000000e+00,-9.837264204402378365e-01
9.829599999998778724e-04,-1.000000000000000000e+00,-9.838883466050118987e-01
9.839599999998777883e-04,-1.000000000000000000e+00,-9.840486615641659274e-01
9.849599999998777042e-04,-1.000000000000000000e+00,-9.842073813495970658e-01
9.859599999998776201e-04,-1.000000000000000000e+00,-9.843645218336807279e-01
9.869599999998775360e-04,-1.000000000000000000e+00,-9.845200987308581064e-01
9.879599999998774518e-04,-1.000000000000000000e+00,-9.846741275992079157e-01
9.889599999998773677e-04,-1.000000000000000000e+00,-9.848266238420019247e-01
9.899599999998772836e-04,-1.000000000000000000e+00,-9.849776027092456143e-01
9.909599999998771995e-04,-1.000000000000000000e+00,-9.851270792992036229e-01
9.919599999998771154e-04,-1.000000000000000000e+00,-9.852750685599083180e-01
9.929599999998770313e-04,-1.000000000000000000e+00,-9.854215852906555995e-01
9.939599999998769472e-04,-1.000000000000000000e+00,-9.855666441434849379e-01
9.949599999998768630e-04,-1.000000000000000000e+00,-9.857102596246443138e-01
9.959599999998767789e-04,-1.000000000000000000e+00,-9.858524460960409463e-01
9.969599999998766948e-04,-1.000000000000000000e+00,-9.859932177766773664e-01
9.979599999998766107e-04,-1.000000000000000000e+00,-9.861325887440737237e-01
9.989599999998765266e-04,-1.000000000000000000e+00,-9.862705729356751050e-01
9.999599999998764425e-04,-1.000000000000000000e+00,-9.864071841502456417e-01
1.000000000000000021e-03,-1.000000000000000000e+00,-9.864126201893945733e-01
1.000080000000247177e-03,-8.399999995056866009e-01,-9.862955837216604849e-01
1.000240000000741491e-03,-5.199999985170600247e-01,-9.858059025295652367e-01
1.000560000001730118e-03,1.200000034601933496e-01,-9.832953405250128842e-01
1.000999999999999937e-03,9.999999999998319122e-01,-9.765197473507173376e-01
1.001064000000197619e-03,1.000000000000000000e+00,-9.752555837731970989e-01
1.001192000000592983e-03,1.000000000000000000e+00,-9.727288737126004170e-01
1.001448000001383927e-03,1.000000000000000000e+00,-9.676851437546603041e-01
1.001960000002965817e-03,1.000000000000000000e+00,-9.576363207744205130e-01
1.002960000002965733e-03,1.000000000000000000e+00,-9.381573524085062843e-01
1.003960000002965649e-03,1.000000000000000000e+00,-9.188722046233469554e-01
1.004960000002965564e-03,1.000000000000000000e+00,-8.997789488559505555e-01
1.005960000002965480e-03,1.000000000000000000e+00,-8.808756757330057363e-01
1.006960000002965396e-03,1.000000000000000000e+00,-8.621604948799410639e-01
1.007960000002965312e-03,1.000000000000000000e+00,-8.436315347318821267e-01
1.008960000002965228e-03,1.000000000000000000e+00,-8.252869423464902487e-01
1.009960000002965144e-03,1.000000000000000000e+00,-8.071248832186644906e-01
1.010960000002965060e-03,1.000000000000000000e+00,-7.891435410970857323e-01
1.011960000002964976e-03,1.000000000000000000e+00,-7.713411178025874060e-01
1.012960000002964892e-03,1.000000000000000000e+00,-7.537158330483328950e-01
1.013960000002964807e-03,1.000000000000000000e+00,-7.362659242617826116e-01
1.014960000002964723e-03,1.000000000000000000e+00,-7.189896464084314376e-01
1.015960000002964639e-03,1.000000000000000000e+00,-7.018852718173027583e-01
1.016960000002964555e-03,1.000000000000000000e+00,-6.849510900081754450e-01
1.017960000002964471e-03,1.000000000000000000e+00,-6.681854075205319043e-01
1.018960000002964387e-03,1.000000000000000000e+00,-6.515865477442084330e-01
1.019960000002964303e-03,1.000000000000000000e+00,-6.351528507517288924e-01
1.020960000002964219e-03,1.000000000000000000e+00,-6.188826731323088248e-01
1.021960000002964134e-03,1.000000000000000000e+00,-6.027743878275099165e-01
1.022960000002964050e-03,1.000000000000000000e+00,-5.868263839685295968e-01
1.023960000002963966e-03,1.000000000000000000e+00,-5.710370667151113411e-01
1.024960000002963882e-03,1.000000000000000000e+00,-5.554048570960555820e-01
1.025960000002963798e-03,1.000000000000000000e+00,-5.399281918513187950e-01
1.026960000002963714e-03,1.000000000000000000e+00,-5.246055232756838826e-01
1.027960000002963630e-03,1.000000000000000000e+00,-5.094353190639855367e-01
1.028960000002963546e-03,1.000000000000000000e+00,-4.944160621578762016e-01
1.029960000002963462e-03,1.000000000000000000e+00,-4.795462505941162634e-01
1.030960000002963377e-03,1.000000000000000000e+00,-4.648243973543737528e-01
1.031960000002963293e-03,1.000000000000000000e+00,-4.502490302165192970e-01
1.032960000002963209e-03,1.000000000000000000e+00,-4.358186916073997774e-01
1.033960000002963125e-03,1.000000000000000000e+00,-4.215319384570773709e-01
1.034960000002963041e-03,1.000000000000000000e+00,-4.073873420545194857e-01
1.035960000002962957e-03,1.000000000000000000e+00,-3.933834879047232724e-01
1.036960000002962873e-03,1.000000000000000000e+00,-3.795189755872633297e-01
1.037960000002962789e-03,1.000000000000000000e+00,-3.657924186162457292e-01
1.038960000002962705e-03,1.000000000000000000e+00,-3.522024443016562589e-01
1.039960000002962620e-03,1.000000000000000000e+00,-3.387476936120875082e-01
1.040960000002962536e-03,1.000000000000000000e+00,-3.254268210388329141e-01
1.041960000002962452e-03,1.000000000000000000e+00,-3.122384944613321167e-01
1.042960000002962368e-03,1.000000000000000000e+00,-2.991813950139556866e-01
1.043960000002962284e-03,1.000000000000000000e+00,-2.862542169541153481e-01
1.044960000002962200e-03,1.000000000000000000e+00,-2.734556675316863750e-01
1.045960000002962116e-03,1.000000000000000000e+00,-2.607844668597293358e-01
1.046960000002962032e-03,1.000000000000000000e+00,-2.482393477864982267e-01
1.047960000002961948e-03,1.000000000000000000e+00,-2.358190557687221134e-01
1.048960000002961863e-03,1.000000000000000000e+00,-2.235223487461477643e-01
1.049960000002961779e-03,1.000000000000000000e+00,-2.113479970173303690e-01
1.050960000002961695e-03,1.000000000000000000e+00,-1.992947831166604344e-01
1.051960000002961611e-03,1.000000000000000000e+00,-1.873615016926140631e-01
1.052960000002961527e-03,1.000000000000000000e+00,-1.755469593872149014e-01
1.053960000002961443e-03,1.000000000000000000e+00,-1.638499747166954068e-01
1.054960000002961359e-03,1.000000000000000000e+00,-1.522693779533452196e-01
1.055960000002961275e-03,1.000000000000000000e+00,-1.408040110085358176e-01
1.056960000002961191e-03,1.000000000000000000e+00,-1.294527273169085724e-01
1.057960000002961106e-03,1.000000000000000000e+00,-1.182143917217154394e-01
1.058960000002961022e-03,1.000000000000000000e+00,-1.070878803613003610e-01
1.059960000002960938e-03,1.000000000000000000e+00,-9.607208055671029312e-02
1.060960000002960854e-03,1.000000000000000000e+00,-8.516589070042458742e-02
1.061960000002960770e-03,1.000000000000000000e+00,-7.436822014619151600e-02
1.062960000002960686e-03,1.000000000000000000e+00,-6.367798909996078005e-02
1.063960000002960602e-03,1.000000000000000000e+00,-5.309412851190149774e-02
1.064960000002960518e-03,1.000000000000000000e+00,-4.261557996949453392e-02
1.065960000002960434e-03,1.000000000000000000e+00,-3.224129559168862486e-02
1.066960000002960349e-03,1.000000000000000000e+00,-2.197023792410963614e-02
1.067960000002960265e-03,1.000000000000000000e+00,-1.180137983531252648e-02
1.068960000002960181e-03,1.000000000000000000e+00,-1.733704414065633534e-03
1.069960000002960097e-03,1.000000000000000000e+00,8.233795132342980674e-03
1.070960000002960013e-03,1.000000000000000000e+00,1.810211557878733252e-02
1.071960000002959929e-03,1.000000000000000000e+00,2.787224378198348285e-02
1.072960000002959845e-03,1.000000000000000000e+00,3.754515677917767691e-02
1.073960000002959761e-03,1.000000000000000000e+00,4.712182188585252451e-02
1.074960000002959676e-03,1.000000000000000000e+00,5.660319679246095248e-02
1.075960000002959592e-03,1.000000000000000000e+00,6.599022966019764402e-02
1.076960000002959508e-03,1.000000000000000000e+00,7.528385921581756679e-02
1.077960000002959424e-03,1.000000000000000000e+00,8.448501484551093621e-02
1.078960000002959340e-03,1.000000000000000000e+00,9.359461668784418986e-02
1.079960000002959256e-03,1.000000000000000000e+00,1.026135757257761044e-01
1.080960000002959172e-03,1.000000000000000000e+00,1.115427938777584366e-01
1.081960000002959088e-03,1.000000000000000000e+00,1.203831640879300252e-01
1.082960000002959004e-03,1.000000000000000000e+00,1.291355704154133477e-01
1.083960000002958919e-03,1.000000000000000000e+00,1.378008881227227034e-01
1.084960000002958835e-03,1.000000000000000000e+00,1.463799837632926426e-01
1.085960000002958751e-03,1.000000000000000000e+00,1.548737152681355089e-01
1.086960000002958667e-03,1.000000000000000000e+00,1.632829320316367128e-01
1.087960000002958583e-03,1.000000000000000000e+00,1.716084749964960909e-01
1.088960000002958499e-03,1.000000000000000000e+00,1.798511767378245529e-01
1.089960000002958415e-03,1.000000000000000000e+00,1.880118615464034804e-01
1.090960000002958331e-03,1.000000000000000000e+00,1.960913455111158998e-01
1.091960000002958247e-03,1.000000000000000000e+00,2.040904366005575343e-01
1.092960000002958162e-03,1.000000000000000000e+00,2.120099347438356152e-01
1.093960000002958078e-03,1.000000000000000000e+00,2.198506319105636708e-01
1.094960000002957994e-03,1.000000000000000000e+00,2.276133121900605349e-01
1.095960000002957910e-03,1.000000000000000000e+00,2.352987518697614300e-01
1.096960000002957826e-03,1.000000000000000000e+00,2.429077195128484246e-01
1.097960000002957742e-03,1.000000000000000000e+00,2.504409760351086756e-01
1.098960000002957658e-03,1.000000000000000000e+00,2.578992747810280317e-01
1.099960000002957574e-03,1.000000000000000000e+00,2.652833615991272986e-01
1.100960000002957490e-03,1.000000000000000000e+00,2.725939749165489645e-01
1.101960000002957405e-03,1.000000000000000000e+00,2.798318458129017694e-01
1.102960000002957321e-03,1.000000000000000000e+00,2.869976980933705013e-01
1.103960000002957237e-03,1.000000000000000000e+00,2.940922483610982074e-01
1.104960000002957153e-03,1.000000000000000000e+00,3.011162060888485370e-01
1.105960000002957069e-03,1.000000000000000000e+00,3.080702736899545990e-01
1.106960000002956985e-03,1.000000000000000000e+00,3.149551465885619961e-01
1.107960000002956901e-03,1.000000000000000000e+00,3.217715132891733054e-01
1.108960000002956817e-03,1.000000000000000000e+00,3.285200554455000033e-01
1.109960000002956733e-03,1.000000000000000000e+00,3.352014479286294368e-01
1.110960000002956648e-03,1.000000000000000000e+00,3.418163588945138387e-01
1.111960000002956564e-03,1.000000000000000000e+00,3.483654498507873787e-01
1.112960000002956480e-03,1.000000000000000000e+00,3.548493757229187473e-01
1.113960000002956396e-03,1.000000000000000000e+00,3.612687849197057099e-01
1.114960000002956312e-03,1.000000000000000000e+00,3.676243193981167390e-01
1.115960000002956228e-03,1.000000000000000000e+00,3.739166147274887719e-01
1.116960000002956144e-03,1.000000000000000000e+00,3.801463001530859809e-01
1.117960000002956060e-03,1.000000000000000000e+00,3.863139986590256036e-01
1.118960000002955976e-03,1.000000000000000000e+00,3.924203270305777203e-01
1.119960000002955891e-03,1.000000000000000000e+00,3.984658959158457470e-01
1.120960000002955807e-03,1.000000000000000000e+00,4.044513098868323664e-01
1.121960000002955723e-03,1.000000000000000000e+00,4.103771674998987762e-01
1.122960000002955639e-03,1.000000000000000000e+00,4.162440613556211422e-01
1.123960000002955555e-03,1.000000000000000000e+00,4.220525781580528046e-01
1.124960000002955471e-03,1.000000000000000000e+00,4.278032987733956238e-01
1.125960000002955387e-03,1.000000000000000000e+00,4.334967982880882920e-01
1.126960000002955303e-03,1.000000000000000000e+00,4.391336460663163854e-01
1.127960000002955218e-03,1.000000000000000000e+00,4.447144058069501527e-01
1.128960000002955134e-03,1.000000000000000000e+00,4.502396355999159216e-01
1.129960000002955050e-03,1.000000000000000000e+00,4.557098879820064008e-01
1.130960000002954966e-03,1.000000000000000000e+00,4.611257099921357572e-01
1.131960000002954882e-03,1.000000000000000000e+00,4.664876432260448569e-01
1.132960000002954798e-03,1.000000000000000000e+00,4.717962238904623296e-01
1.133960000002954714e-03,1.000000000000000000e+00,4.770519828567264531e-01
1.134960000002954630e-03,1.000000000000000000e+00,4.822554457138735207e-01
1.135960000002954546e-03,1.000000000000000000e+00,4.874071328211981857e-01
1.136960000002954461e-03,1.000000000000000000e+00,4.925075593602908364e-01
1.137960000002954377e-03,1.000000000000000000e+00,4.975572353865567732e-01
1.138960000002954293e-03,1.000000000000000000e+00,5.025566658802229636e-01
1.139960000002954209e-03,1.000000000000000000e+00,5.075063507968377019e-01
1.140960000002954125e-03,1.000000000000000000e+00,5.124067851172672272e-01
1.141960000002954041e-03,1.000000000000000000e+00,5.172584588971950170e-01
1.142960000002953957e-03,1.000000000000000000e+00,5.220618573161284193e-01
1.143960000002953873e-03,1.000000000000000000e+00,5.268174607259181741e-01
1.144960000002953789e-03,1.000000000000000000e+00,5.315257446987946555e-01
1.145960000002953704e-03,1.000000000000000000e+00,5.361871800749260508e-01
1.146960000002953620e-03,1.000000000000000000e+00,5.408022330095040298e-01
1.147960000002953536e-03,1.000000000000000000e+00,5.453713650193597884e-01
1.148960000002953452e-03,1.000000000000000000e+00,5.498950330291174637e-01
1.149960000002953368e-03,1.000000000000000000e+00,5.543736894168874718e-01
1.150960000002953284e-03,1.000000000000000000e+00,5.588077820595056533e-01
1.151960000002953200e-03,1.000000000000000000e+00,5.631977543773215578e-01
1.152960000002953116e-03,1.000000000000000000e+00,5.675440453785421946e-01
1.153960000002953032e-03,1.000000000000000000e+00,5.718470897031338041e-01
1.154960000002952947e-03,1.000000000000000000e+00,5.761073176662867557e-01
1.155960000002952863e-03,1.000000000000000000e+00,5.803251553014481257e-01
1.156960000002952779e-03,1.000000000000000000e+00,5.845010244029262836e-01
1.157960000002952695e-03,1.000000000000000000e+00,5.886353425680713736e-01
1.158960000002952611e-03,1.000000000000000000e+00,5.927285232390357983e-01
1.159960000002952527e-03,1.000000000000000000e+00,5.967809757441200347e-01
1.160960000002952443e-03,1.000000000000000000e+00,6.007931053387060016e-01
1.161960000002952359e-03,1.000000000000000000e+00,6.047653132457837533e-01
1.162960000002952275e-03,1.000000000000000000e+00,6.086979966960746058e-01
1.163960000002952190e-03,1.000000000000000000e+00,6.125915489677554726e-01
1.164960000002952106e-03,1.000000000000000000e+00,6.164463594257878487e-01
1.165960000002952022e-03,1.000000000000000000e+00,6.202628135608547755e-01
1.166960000002951938e-03,1.000000000000000000e+00,6.240412930279111148e-01
1.167960000002951854e-03,1.000000000000000000e+00,6.277821756843496859e-01
1.168960000002951770e-03,1.000000000000000000e+00,6.314858356277891493e-01
1.169960000002951686e-03,1.000000000000000000e+00,6.351526432334829719e-01
1.170960000002951602e-03,1.000000000000000000e+00,6.387829651913589091e-01
1.171960000002951518e-03,1.000000000000000000e+00,6.423771645426887833e-01
1.172960000002951433e-03,1.000000000000000000e+00,6.459356007163934432e-01
1.173960000002951349e-03,1.000000000000000000e+00,6.494586295649866781e-01
1.174960000002951265e-03,1.000000000000000000e+00,6.529466034001610852e-01
1.175960000002951181e-03,1.000000000000000000e+00,6.563998710280205540e-01
1.176960000002951097e-03,1.000000000000000000e+00,6.598187777839608081e-01
1.177960000002951013e-03,1.000000000000000000e+00,6.632036655672050030e-01
1.178960000002950929e-03,1.000000000000000000e+00,6.665548728749939311e-01
1.179960000002950845e-03,1.000000000000000000e+00,6.698727348364365008e-01
1.180960000002950760e-03,1.000000000000000000e+00,6.731575832460243713e-01
1.181960000002950676e-03,1.000000000000000000e+00,6.764097465968103018e-01
1.182960000002950592e-03,1.000000000000000000e+00,6.796295501132599837e-01
1.183960000002950508e-03,1.000000000000000000e+00,6.828173157837749141e-01
1.184960000002950424e-03,1.000000000000000000e+00,6.859733623928915280e-01
1.185960000002950340e-03,1.000000000000000000e+00,6.890980055531612525e-01
1.186960000002950256e-03,1.000000000000000000e+00,6.921915577367118155e-01
1.187960000002950172e-03,1.000000000000000000e+00,6.952543283064958057e-01
1.188960000002950088e-03,1.000000000000000000e+00,6.982866235472273697e-01
1.189960000002950003e-03,1.000000000000000000e+00,7.012887466960113780e-01
1.190960000002949919e-03,1.000000000000000000e+00,7.042609979726680569e-01
1.191960000002949835e-03,1.000000000000000000e+00,7.072036746097559723e-01
1.192960000002949751e-03,1.000000000000000000e+00,7.101170708822956978e-01
1.193960000002949667e-03,1.000000000000000000e+00,7.130014781371983856e-01
1.194960000002949583e-03,1.000000000000000000e+00,7.158571848224004608e-01
1.195960000002949499e-03,1.000000000000000000e+00,7.186844765157098802e-01
1.196960000002949415e-03,1.000000000000000000e+00,7.214836359533646215e-01
1.197960000002949331e-03,1.000000000000000000e+00,7.242549430583062886e-01
1.198960000002949246e-03,1.000000000000000000e+00,7.269986749681738303e-01
1.199960000002949162e-03,1.000000000000000000e+00,7.297151060630179265e-01
1.200960000002949078e-03,1.000000000000000000e+00,7.324045079927390400e-01
1.201960000002948994e-03,1.000000000000000000e+00,7.350671497042540192e-01
1.202960000002948910e-03,1.000000000000000000e+00,7.377032974683909172e-01
1.203960000002948826e-03,1.000000000000000000e+00,7.403132149065165812e-01
1.204960000002948742e-03,1.000000000000000000e+00,7.428971630168996754e-01
1.205960000002948658e-03,1.000000000000000000e+00,7.454554002008112468e-01
1.206960000002948574e-03,1.000000000000000000e+00,7.479881822883654996e-01
1.207960000002948489e-03,1.000000000000000000e+00,7.504957625641033303e-01
1.208960000002948405e-03,1.000000000000000000e+00,7.529783917923213998e-01
1.209960000002948321e-03,1.000000000000000000e+00,7.554363182421491851e-01
1.210960000002948237e-03,1.000000000000000000e+00,7.578697877123767856e-01
1.211960000002948153e-03,1.000000000000000000e+00,7.602790435560348170e-01
1.212960000002948069e-03,1.000000000000000000e+00,7.626643267047310548e-01
1.213960000002947985e-03,1.000000000000000000e+00,7.650258756927438286e-01
1.214960000002947901e-03,1.000000000000000000e+00,7.673639266808758297e-01
1.215960000002947817e-03,1.000000000000000000e+00,7.696787134800709973e-01
1.216960000002947732e-03,1.000000000000000000e+00,7.719704675747969258e-01
1.217960000002947648e-03,1.000000000000000000e+00,7.742394181461923486e-01
1.218960000002947564e-03,1.000000000000000000e+00,7.764857920949866932e-01
1.219960000002947480e-03,1.000000000000000000e+00,7.787098140641908195e-01
1.220960000002947396e-03,1.000000000000000000e+00,7.809117064615621606e-01
1.221960000002947312e-03,1.000000000000000000e+00,7.830916894818452656e-01
1.222960000002947228e-03,1.000000000000000000e+00,7.852499811287922959e-01
1.223960000002947144e-03,1.000000000000000000e+00,7.873867972369636981e-01
1.224960000002947060e-03,1.000000000000000000e+00,7.895023514933123820e-01
1.225960000002946975e-03,1.000000000000000000e+00,7.915968554585531836e-01
1.226960000002946891e-03,1.000000000000000000e+00,7.936705185883189406e-01
1.227960000002946807e-03,1.000000000000000000e+00,7.957235482541068494e-01
1.228960000002946723e-03,1.000000000000000000e+00,7.977561497640163202e-01
1.229960000002946639e-03,1.000000000000000000e+00,7.997685263832798874e-01
1.230960000002946555e-03,1.000000000000000000e+00,8.017608793545903945e-01
1.231960000002946471e-03,1.000000000000000000e+00,8.037334079182263391e-01
1.232960000002946387e-03,1.000000000000000000e+00,8.056863093319752700e-01
1.233960000002946302e-03,1.000000000000000000e+00,8.076197788908611175e-01
1.234960000002946218e-03,1.000000000000000000e+00,8.095340099466735717e-01
1.235960000002946134e-03,1.000000000000000000e+00,8.114291939273038379e-01
1.236960000002946050e-03,1.000000000000000000e+00,8.133055203558881008e-01
1.237960000002945966e-03,1.000000000000000000e+00,8.151631768697599201e-01
1.238960000002945882e-03,1.000000000000000000e+00,8.170023492392148867e-01
1.239960000002945798e-03,1.000000000000000000e+00,8.188232213860884290e-01
1.240960000002945714e-03,1.000000000000000000e+00,8.206259754021474340e-01
1.241960000002945630e-03,1.000000000000000000e+00,8.224107915673003477e-01
1.242960000002945545e-03,1.000000000000000000e+00,8.241778483676259759e-01
1.243960000002945461e-03,1.000000000000000000e+00,8.259273225132218732e-01
1.244960000002945377e-03,1.000000000000000000e+00,8.276593889558763184e-01
1.245960000002945293e-03,1.000000000000000000e+00,8.293742209065642079e-01
1.246960000002945209e-03,1.000000000000000000e+00,8.310719898527676452e-01
1.247960000002945125e-03,1.000000000000000000e+00,8.327528655756257780e-01
1.248960000002945041e-03,1.000000000000000000e+00,8.344170161669131058e-01
1.249960000002944957e-03,1.000000000000000000e+00,8.360646080458494778e-01
1.250960000002944873e-03,1.000000000000000000e+00,8.376958059757415587e-01
1.251960000002944788e-03,1.000000000000000000e+00,8.393107730804605371e-01
1.252960000002944704e-03,1.000000000000000000e+00,8.409096708607544102e-01
1.253960000002944620e-03,1.000000000000000000e+00,8.424926592103988421e-01
1.254960000002944536e-03,1.000000000000000000e+00,8.440598964321861519e-01
1.255960000002944452e-03,1.000000000000000000e+00,8.456115392537568720e-01
1.256960000002944368e-03,1.000000000000000000e+00,8.471477428432718781e-01
1.257960000002944284e-03,1.000000000000000000e+00,8.486686608249308650e-01
1.258960000002944200e-03,1.000000000000000000e+00,8.501744452943347241e-01
1.259960000002944116e-03,1.000000000000000000e+00,8.516652468336946002e-01
1.260960000002944031e-03,1.000000000000000000e+00,8.531412145268918445e-01
1.261960000002943947e-03,1.000000000000000000e+00,8.546024959743856453e-01
1.262960000002943863e-03,1.000000000000000000e+00,8.560492373079739981e-01
1.263960000002943779e-03,1.000000000000000000e+00,8.574815832054072384e-01
1.264960000002943695e-03,1.000000000000000000e+00,8.588996769048559132e-01
1.265960000002943611e-03,1.000000000000000000e+00,8.603036602192354332e-01
1.266960000002943527e-03,1.000000000000000000e+00,8.616936735503875067e-01
1.267960000002943443e-03,1.000000000000000000e+00,8.630698559031200201e-01
1.268960000002943359e-03,1.000000000000000000e+00,8.644323448991088066e-01
1.269960000002943274e-03,1.000000000000000000e+00,8.657812767906600815e-01
1.270960000002943190e-03,1.000000000000000000e+00,8.671167864743352105e-01
1.271960000002943106e-03,1.000000000000000000e+00,8.684390075044414736e-01
1.272960000002943022e-03,1.000000000000000000e+00,8.697480721063873821e-01
1.273960000002942938e-03,1.000000000000000000e+00,8.710441111899061006e-01
1.274960000002942854e-03,1.000000000000000000e+00,8.723272543621460873e-01
1.275960000002942770e-03,1.000000000000000000e+00,8.735976299406321699e-01
1.276960000002942686e-03,1.000000000000000000e+00,8.748553649660983922e-01
1.277960000002942602e-03,1.000000000000000000e+00,8.761005852151920736e-01
1.278960000002942517e-03,1.000000000000000000e+00,8.773334152130510821e-01
1.279960000002942433e-03,1.000000000000000000e+00,8.785539782457570945e-01
1.280960000002942349e-03,1.000000000000000000e+00,8.797623963726649565e-01
1.281960000002942265e-03,1.000000000000000000e+00,8.809587904386086965e-01
1.282960000002942181e-03,1.000000000000000000e+00,8.821432800859859702e-01
1.283960000002942097e-03,1.000000000000000000e+00,8.833159837667227121e-01
1.284960000002942013e-03,1.000000000000000000e+00,8.844770187541184381e-01
1.285960000002941929e-03,1.000000000000000000e+00,8.856265011545749744e-01
1.286960000002941844e-03,1.000000000000000000e+00,8.867645459192061708e-01
1.287960000002941760e-03,1.000000000000000000e+00,8.878912668553334830e-01
1.288960000002941676e-03,1.000000000000000000e+00,8.890067766378674241e-01
1.289960000002941592e-03,1.000000000000000000e+00,8.901111868205753286e-01
1.290960000002941508e-03,1.000000000000000000e+00,8.912046078472362076e-01
1.291960000002941424e-03,1.000000000000000000e+00,8.922871490626866908e-01
1.292960000002941340e-03,1.000000000000000000e+00,8.933589187237545026e-01
1.293960000002941256e-03,1.000000000000000000e+00,8.944200240100854682e-01
1.294960000002941172e-03,1.000000000000000000e+00,8.954705710348608294e-01
1.295960000002941087e-03,1.000000000000000000e+00,8.965106648554095337e-01
1.296960000002941003e-03,1.000000000000000000e+00,8.975404094837141633e-01
1.297960000002940919e-03,1.000000000000000000e+00,8.985599078968117270e-01
1.298960000002940835e-03,1.000000000000000000e+00,8.995692620470924217e-01
1.299960000002940751e-03,1.000000000000000000e+00,9.005685728724946992e-01
1.300960000002940667e-03,1.000000000000000000e+00,9.015579403065993036e-01
1.301960000002940583e-03,1.000000000000000000e+00,9.025374632886234982e-01
1.302960000002940499e-03,1.000000000000000000e+00,9.035072397733138194e-01
1.303960000002940415e-03,1.000000000000000000e+00,9.044673667407435724e-01
1.304960000002940330e-03,1.000000000000000000e+00,9.054179402060098525e-01
1.305960000002940246e-03,1.000000000000000000e+00,9.063590552288355306e-01
1.306960000002940162e-03,1.000000000000000000e+00,9.072908059230760935e-01
1.307960000002940078e-03,1.000000000000000000e+00,9.082132854661302268e-01
1.308960000002939994e-03,1.000000000000000000e+00,9.091265861082584721e-01
1.309960000002939910e-03,1.000000000000000000e+00,9.100307991818081810e-01
1.310960000002939826e-03,1.000000000000000000e+00,9.109260151103474312e-01
1.311960000002939742e-03,1.000000000000000000e+00,9.118123234177072378e-01
1.312960000002939658e-03,1.000000000000000000e+00,9.126898127369341696e-01
1.313960000002939573e-03,1.000000000000000000e+00,9.135585708191538146e-01
1.314960000002939489e-03,1.000000000000000000e+00,9.144186845423463161e-01
1.315960000002939405e-03,1.000000000000000000e+00,9.152702399200344230e-01
1.316960000002939321e-03,1.000000000000000000e+00,9.161133221098850532e-01
1.317960000002939237e-03,1.000000000000000000e+00,9.169480154222247048e-01
1.318960000002939153e-03,1.000000000000000000e+00,9.177744033284712666e-01
1.319960000002939069e-03,1.000000000000000000e+00,9.185925684694816740e-01
1.320960000002938985e-03,1.000000000000000000e+00,9.194025926638155211e-01
1.321960000002938901e-03,1.000000000000000000e+00,9.202045569159170713e-01
1.322960000002938816e-03,1.000000000000000000e+00,9.209985414242164437e-01
1.323960000002938732e-03,1.000000000000000000e+00,9.217846255891496421e-01
1.324960000002938648e-03,1.000000000000000000e+00,9.225628880210984262e-01
1.325960000002938564e-03,1.000000000000000000e+00,9.233334065482518005e-01
1.326960000002938480e-03,1.000000000000000000e+00,9.240962582243884560e-01
1.327960000002938396e-03,1.000000000000000000e+00,9.248515193365834941e-01
1.328960000002938312e-03,1.000000000000000000e+00,9.255992654128364361e-01
1.329960000002938228e-03,1.000000000000000000e+00,9.263395712296242923e-01
1.330960000002938143e-03,1.000000000000000000e+00,9.270725108193793584e-01
1.331960000002938059e-03,1.000000000000000000e+00,9.277981574778930707e-01
1.332960000002937975e-03,1.000000000000000000e+00,9.285165837716455872e-01
1.333960000002937891e-03,1.000000000000000000e+00,9.292278615450624280e-01
1.334960000002937807e-03,1.000000000000000000e+00,9.299320619276989497e-01
1.335960000002937723e-03,1.000000000000000000e+00,9.306292553413536561e-01
1.336960000002937639e-03,1.000000000000000000e+00,9.313195115071114527e-01
1.337960000002937555e-03,1.000000000000000000e+00,9.320028994523146260e-01
1.338960000002937471e-03,1.000000000000000000e+00,9.326794875174657662e-01
1.339960000002937386e-03,1.000000000000000000e+00,9.333493433630630776e-01
1.340960000002937302e-03,1.000000000000000000e+00,9.340125339763659662e-01
1.341960000002937218e-03,1.000000000000000000e+00,9.346691256780937929e-01
1.342960000002937134e-03,1.000000000000000000e+00,9.353191841290582342e-01
1.343960000002937050e-03,1.000000000000000000e+00,9.359627743367295860e-01
1.344960000002936966e-03,1.000000000000000000e+00,9.365999606617373408e-01
1.345960000002936882e-03,1.000000000000000000e+00,9.372308068243070389e-01
1.346960000002936798e-03,1.000000000000000000e+00,9.378553759106322829e-01
1.347960000002936714e-03,1.000000000000000000e+00,9.384737303791832463e-01
1.348960000002936629e-03,1.000000000000000000e+00,9.390859320669528998e-01
1.349960000002936545e-03,1.000000000000000000e+00,9.396920421956400649e-01
1.350960000002936461e-03,1.000000000000000000e+00,9.402921213777731824e-01
1.351960000002936377e-03,1.000000000000000000e+00,9.408862296227705757e-01
1.352960000002936293e-03,1.000000000000000000e+00,9.414744263429422055e-01
1.353960000002936209e-03,1.000000000000000000e+00,9.420567703594306952e-01
1.354960000002936125e-03,1.000000000000000000e+00,9.426333199080934033e-01
1.355960000002936041e-03,1.000000000000000000e+00,9.432041326453265428e-01
1.356960000002935957e-03,1.000000000000000000e+00,9.437692656538310132e-01
1.357960000002935872e-03,1.000000000000000000e+00,9.443287754483201679e-01
1.358960000002935788e-03,1.000000000000000000e+00,9.448827179811727373e-01
1.359960000002935704e-03,1.000000000000000000e+00,9.454311486480266868e-01
1.360960000002935620e-03,1.000000000000000000e+00,9.459741222933201188e-01
1.361960000002935536e-03,1.000000000000000000e+00,9.465116932157747742e-01
1.362960000002935452e-03,1.000000000000000000e+00,9.470439151738268002e-01
1.363960000002935368e-03,1.000000000000000000e+00,9.475708413910027827e-01
1.364960000002935284e-03,1.000000000000000000e+00,9.480925245612417118e-01
1.365960000002935200e-03,1.000000000000000000e+00,9.486090168541649881e-01
1.366960000002935115e-03,1.000000000000000000e+00,9.491203699202929167e-01
1.367960000002935031e-03,1.000000000000000000e+00,9.496266348962105752e-01
1.368960000002934947e-03,1.000000000000000000e+00,9.501278624096812786e-01
1.369960000002934863e-03,1.000000000000000000e+00,9.506241025847094184e-01
1.370960000002934779e-03,1.000000000000000000e+00,9.511154050465531196e-01
1.371960000002934695e-03,1.000000000000000000e+00,9.516018189266870486e-01
1.372960000002934611e-03,1.000000000000000000e+00,9.520833928677151503e-01
1.373960000002934527e-03,1.000000000000000000e+00,9.525601750282355340e-01
1.374960000002934443e-03,1.000000000000000000e+00,9.530322130876559550e-01
1.375960000002934358e-03,1.000000000000000000e+00,9.534995542509628885e-01
1.376960000002934274e-03,1.000000000000000000e+00,9.539622452534407548e-01
1.377960000002934190e-03,1.000000000000000000e+00,9.544203323653468463e-01
1.378960000002934106e-03,1.000000000000000000e+00,9.548738613965375155e-01
1.379960000002934022e-03,1.000000000000000000e+00,9.553228777010496220e-01
1.380960000002933938e-03,1.000000000000000000e+00,9.557674261816363481e-01
1.381960000002933854e-03,1.000000000000000000e+00,9.562075512942569411e-01
1.382960000002933770e-03,1.000000000000000000e+00,9.566432970525230450e-01
1.383960000002933685e-03,1.000000000000000000e+00,9.570747070321001804e-01
1.384960000002933601e-03,1.000000000000000000e+00,9.575018243750647029e-01
1.385960000002933517e-03,1.000000000000000000e+00,9.579246917942185746e-01
1.386960000002933433e-03,1.000000000000000000e+00,9.583433515773607247e-01
1.387960000002933349e-03,1.000000000000000000e+00,9.587578455915164444e-01
1.388960000002933265e-03,1.000000000000000000e+00,9.591682152871232603e-01
1.389960000002933181e-03,1.000000000000000000e+00,9.595745017021769518e-01
1.390960000002933097e-03,1.000000000000000000e+00,9.599767454663344912e-01
1.391960000002933013e-03,1.000000000000000000e+00,9.603749868049782368e-01
1.392960000002932928e-03,1.000000000000000000e+00,9.607692655432373829e-01
1.393960000002932844e-03,1.000000000000000000e+00,9.611596211099714404e-01
1.394960000002932760e-03,1.000000000000000000e+00,9.615460925417129712e-01
1.395960000002932676e-03,1.000000000000000000e+00,9.619287184865716878e-01
1.396960000002932592e-03,1.000000000000000000e+00,9.623075372080982515e-01
1.397960000002932508e-03,1.000000000000000000e+00,9.626825865891122103e-01
1.398960000002932424e-03,1.000000000000000000e+00,9.630539041354893026e-01
1.399960000002932340e-03,1.000000000000000000e+00,9.634215269799123460e-01
1.400960000002932256e-03,1.000000000000000000e+00,9.637854918855849329e-01
1.401960000002932171e-03,1.000000000000000000e+00,9.641458352499076012e-01
1.402960000002932087e-03,1.000000000000000000e+00,9.645025931081175896e-01
1.403960000002932003e-03,1.000000000000000000e+00,9.648558011368927323e-01
1.404960000002931919e-03,1.000000000000000000e+00,9.652054946579188277e-01
1.405960000002931835e-03,1.000000000000000000e+00,9.655517086414221462e-01
1.406960000002931751e-03,1.000000000000000000e+00,9.658944777096668544e-01
1.407960000002931667e-03,1.000000000000000000e+00,9.662338361404165799e-01
1.408960000002931583e-03,1.000000000000000000e+00,9.665698178703627796e-01
1.409960000002931499e-03,1.000000000000000000e+00,9.669024564985183590e-01
1.410960000002931414e-03,1.000000000000000000e+00,9.672317852895780943e-01
1.411960000002931330e-03,1.000000000000000000e+00,9.675578371772440844e-01
1.412960000002931246e-03,1.000000000000000000e+00,9.678806447675201152e-01
1.413960000002931162e-03,1.000000000000000000e+00,9.682002403419727177e-01
1.414960000002931078e-03,1.000000000000000000e+00,9.685166558609583642e-01
1.415960000002930994e-03,1.000000000000000000e+00,9.688299229668194679e-01
1.416960000002930910e-03,1.000000000000000000e+00,9.691400729870500719e-01
1.417960000002930826e-03,1.000000000000000000e+00,9.694471369374279002e-01
1.418960000002930742e-03,1.000000000000000000e+00,9.697511455251153212e-01
1.419960000002930657e-03,1.000000000000000000e+00,9.700521291517311129e-01
1.420960000002930573e-03,1.000000000000000000e+00,9.703501179163905865e-01
1.421960000002930489e-03,1.000000000000000000e+00,9.706451416187151793e-01
1.422960000002930405e-03,1.000000000000000000e+00,9.709372297618128478e-01
1.423960000002930321e-03,1.000000000000000000e+00,9.712264115552279309e-01
1.424960000002930237e-03,1.000000000000000000e+00,9.715127159178624794e-01
1.425960000002930153e-03,1.000000000000000000e+00,9.717961714808690532e-01
1.426960000002930069e-03,1.000000000000000000e+00,9.720768065905124322e-01
1.427960000002929985e-03,1.000000000000000000e+00,9.723546493110049038e-01
1.428960000002929900e-03,1.000000000000000000e+00,9.726297274273134619e-01
1.429960000002929816e-03,1.000000000000000000e+00,9.729020684479373626e-01
1.430960000002929732e-03,1.000000000000000000e+00,9.731716996076595905e-01
1.431960000002929648e-03,1.000000000000000000e+00,9.734386478702701240e-01
1.432960000002929564e-03,1.000000000000000000e+00,9.737029399312627787e-01
1.433960000002929480e-03,1.000000000000000000e+00,9.739646022205040721e-01
1.434960000002929396e-03,1.000000000000000000e+00,9.742236609048771090e-01
1.435960000002929312e-03,1.000000000000000000e+00,9.744801418908984880e-01
1.436960000002929227e-03,1.000000000000000000e+00,9.747340708273076748e-01
1.437960000002929143e-03,1.000000000000000000e+00,9.749854731076330605e-01
1.438960000002929059e-03,1.000000000000000000e+00,9.752343738727313749e-01
1.439960000002928975e-03,1.000000000000000000e+00,9.754807980133011203e-01
1.440960000002928891e-03,1.000000000000000000e+00,9.757247701723728017e-01
1.441960000002928807e-03,1.000000000000000000e+00,9.759663147477720679e-01
1.442960000002928723e-03,1.000000000000000000e+00,9.762054558945606475e-01
1.443960000002928639e-03,1.000000000000000000e+00,9.764422175274509730e-01
1.444960000002928555e-03,1.000000000000000000e+00,9.766766233231980454e-01
1.445960000002928470e-03,1.000000000000000000e+00,9.769086967229673180e-01
1.446960000002928386e-03,1.000000000000000000e+00,9.771384609346792649e-01
1.447960000002928302e-03,1.000000000000000000e+00,9.773659389353293037e-01
1.448960000002928218e-03,1.000000000000000000e+00,9.775911534732862895e-01
1.449960000002928134e-03,1.000000000000000000e+00,9.778141270705671406e-01
1.450960000002928050e-03,1.000000000000000000e+00,9.780348820250888142e-01
1.451960000002927966e-03,1.000000000000000000e+00,9.782534404128988559e-01
1.452960000002927882e-03,1.000000000000000000e+00,9.784698240903826338e-01
1.453960000002927798e-03,1.000000000000000000e+00,9.786840546964487020e-01
1.454960000002927713e-03,1.000000000000000000e+00,9.788961536546931796e-01
1.455960000002927629e-03,1.000000000000000000e+00,9.791061421755419270e-01
1.456960000002927545e-03,1.000000000000000000e+00,9.793140412583724030e-01
1.457960000002927461e-03,1.000000000000000000e+00,9.795198716936126537e-01
1.458960000002927377e-03,1.000000000000000000e+00,9.797236540648204262e-01
1.459960000002927293e-03,1.000000000000000000e+00,9.799254087507429656e-01
1.460960000002927209e-03,1.000000000000000000e+00,9.801251559273524983e-01
1.461960000002927125e-03,1.000000000000000000e+00,9.803229155698662822e-01
1.462960000002927041e-03,1.000000000000000000e+00,9.805187074547434545e-01
1.463960000002926956e-03,1.000000000000000000e+00,9.807125511616616720e-01
1.464960000002926872e-03,1.000000000000000000e+00,9.809044660754762113e-01
1.465960000002926788e-03,1.000000000000000000e+00,9.810944713881583068e-01
1.466960000002926704e-03,1.000000000000000000e+00,9.812825861007140604e-01
1.467960000002926620e-03,1.000000000000000000e+00,9.814688290250852543e-01
1.468960000002926536e-03,1.000000000000000000e+00,9.816532187860297354e-01
1.469960000002926452e-03,1.000000000000000000e+00,9.818357738229848142e-01
1.470960000002926368e-03,1.000000000000000000e+00,9.820165123919104566e-01
1.471960000002926284e-03,1.000000000000000000e+00,9.821954525671153791e-01
1.472960000002926199e-03,1.000000000000000000e+00,9.823726122430647134e-01
1.473960000002926115e-03,1.000000000000000000e+00,9.825480091361686874e-01
1.474960000002926031e-03,1.000000000000000000e+00,9.827216607865553177e-01
1.475960000002925947e-03,1.000000000000000000e+00,9.828935845598237853e-01
1.476960000002925863e-03,1.000000000000000000e+00,9.830637976487809349e-01
1.477960000002925779e-03,1.000000000000000000e+00,9.832323170751614549e-01
1.478960000002925695e-03,1.000000000000000000e+00,9.833991596913292943e-01
1.479960000002925611e-03,1.000000000000000000e+00,9.835643421819629806e-01
1.480960000002925527e-03,1.000000000000000000e+00,9.837278810657246186e-01
1.481960000002925442e-03,1.000000000000000000e+00,9.838897926969114582e-01
1.482960000002925358e-03,1.000000000000000000e+00,9.840500932670915857e-01
1.483960000002925274e-03,1.000000000000000000e+00,9.842087988067224069e-01
1.484960000002925190e-03,1.000000000000000000e+00,9.843659251867552529e-01
1.485960000002925106e-03,1.000000000000000000e+00,9.845214881202203339e-01
1.486960000002925022e-03,1.000000000000000000e+00,9.846755031638000366e-01
1.487960000002924938e-03,1.000000000000000000e+00,9.848279857193842357e-01
1.488960000002924854e-03,1.000000000000000000e+00,9.849789510356095068e-01
1.489960000002924769e-03,1.000000000000000000e+00,9.851284142093847951e-01
1.490960000002924685e-03,1.000000000000000000e+00,9.852763901874009855e-01
1.491960000002924601e-03,1.000000000000000000e+00,9.854228937676259292e-01
1.492960000002924517e-03,1.000000000000000000e+00,9.855679396007839266e-01
1.493960000002924433e-03,1.000000000000000000e+00,9.857115421918212217e-01
1.494960000002924349e-03,1.000000000000000000e+00,9.858537159013552875e-01
1.495960000002924265e-03,1.000000000000000000e+00,9.859944749471127867e-01
1.496960000002924181e-03,1.000000000000000000e+00,9.861338334053506571e-01
1.497960000002924097e-03,1.000000000000000000e+00,9.862718052122627643e-01
1.498960000002924012e-03,1.000000000000000000e+00,9.864084041653745638e-01
1.499960000002923928e-03,1.000000000000000000e+00,9.865436439249232192e-01
1.500960000002923844e-03,1.000000000000000000e+00,9.866775380152226216e-01
1.501000000000000164e-03,9.999999999997831734e-01,9.866828659340434182e-01
1.501079999994152803e-03,8.400000116945043338e-01,9.865656134612006412e-01
1.501239999982458082e-03,5.200000350839466545e-01,9.860755006431638492e-01
1.501559999959068640e-03,-1.199999181371687040e-01,9.835640776885136161e-01
1.502000000000000080e-03,-1.000000000000000000e+00,9.767873041980456028e-01
1.502063999995322105e-03,-1.000000000000000000e+00,9.755229695899210185e-01
1.502191999985966371e-03,-1.000000000000000000e+00,9.729959176867715165e-01
1.502447999967254904e-03,-1.000000000000000000e+00,9.679515053539858860e-01
1.502959999929831753e-03,-1.000000000000000000e+00,9.579013228483758136e-01
1.503959999929831669e-03,-1.000000000000000000e+00,9.384197176459047052e-01
1.504959999929831585e-03,-1.000000000000000000e+00,9.191319592613684808e-01
1.505959999929831501e-03,-1.000000000000000000e+00,9.000361188707081128e-01
1.506959999929831416e-03,-1.000000000000000000e+00,8.811302868421441170e-01
1.507959999929831332e-03,-1.000000000000000000e+00,8.624125725452075342e-01
1.508959999929831248e-03,-1.000000000000000000e+00,8.438811041616732789e-01
1.509959999929831164e-03,-1.000000000000000000e+00,8.255340284983730959e-01
1.510959999929831080e-03,-1.000000000000000000e+00,8.073695108018716926e-01
1.511959999929830996e-03,-1.000000000000000000e+00,7.893857345749873966e-01
1.512959999929830912e-03,-1.000000000000000000e+00,7.715809013951369089e-01
1.513959999929830828e-03,-1.000000000000000000e+00,7.539532307344889439e-01
1.514959999929830744e-03,-1.000000000000000000e+00,7.365009597819069942e-01
1.515959999929830659e-03,-1.000000000000000000e+00,7.192223432666641214e-01
1.516959999929830575e-03,-1.000000000000000000e+00,7.021156532839113451e-01
1.517959999929830491e-03,-1.000000000000000000e+00,6.851791791218825312e-01
1.518959999929830407e-03,-1.000000000000000000e+00,6.684112270908193487e-01
1.519959999929830323e-03,-1.000000000000000000e+00,6.518101203535974220e-01
1.520959999929830239e-03,-1.000000000000000000e+00,6.353741987580392436e-01
1.521959999929830155e-03,-1.000000000000000000e+00,6.191018186708945326e-01
1.522959999929830071e-03,-1.000000000000000000e+00,6.029913528134728251e-01
1.523959999929829986e-03,-1.000000000000000000e+00,5.870411900989108700e-01
1.524959999929829902e-03,-1.000000000000000000e+00,5.712497354710610598e-01
1.525959999929829818e-03,-1.000000000000000000e+00,5.556154097449810259e-01
1.526959999929829734e-03,-1.000000000000000000e+00,5.401366494490111858e-01
1.527959999929829650e-03,-1.000000000000000000e+00,5.248119066684239220e-01
1.528959999929829566e-03,-1.000000000000000000e+00,5.096396488906286271e-01
1.529959999929829482e-03,-1.000000000000000000e+00,4.946183588519159069e-01
1.530959999929829398e-03,-1.000000000000000000e+00,4.797465343857276743e-01
1.531959999929829314e-03,-1.000000000000000000e+00,4.650226882724368682e-01
1.532959999929829229e-03,-1.000000000000000000e+00,4.504453480906215890e-01
1.533959999929829145e-03,-1.000000000000000000e+00,4.360130560698193269e-01
1.534959999929829061e-03,-1.000000000000000000e+00,4.217243689447465194e-01
1.535959999929828977e-03,-1.000000000000000000e+00,4.075778578109679473e-01
1.536959999929828893e-03,-1.000000000000000000e+00,3.935721079820032053e-01
1.537959999929828809e-03,-1.000000000000000000e+00,3.797057188478540901e-01
1.538959999929828725e-03,-1.000000000000000000e+00,3.659773037349401958e-01
1.539959999929828641e-03,-1.000000000000000000e+00,3.523854897674283948e-01
1.540959999929828557e-03,-1.000000000000000000e+00,3.389289177299416589e-01
1.541959999929828472e-03,-1.000000000000000000e+00,3.256062419316339551e-01
1.542959999929828388e-03,-1.000000000000000000e+00,3.124161300716176703e-01
1.543959999929828304e-03,-1.000000000000000000e+00,2.993572631057309641e-01
1.544959999929828220e-03,-1.000000000000000000e+00,2.864283351146292844e-01
1.545959999929828136e-03,-1.000000000000000000e+00,2.736280531731902776e-01
1.546959999929828052e-03,-1.000000000000000000e+00,2.609551372212182696e-01
1.547959999929827968e-03,-1.000000000000000000e+00,2.484083199354350791e-01
1.548959999929827884e-03,-1.000000000000000000e+00,2.359863466027442291e-01
1.549959999929827800e-03,-1.000000000000000000e+00,2.236879749947567608e-01
1.550959999929827715e-03,-1.000000000000000000e+00,2.115119752435651868e-01
1.551959999929827631e-03,-1.000000000000000000e+00,1.994571297187536230e-01
1.552959999929827547e-03,-1.000000000000000000e+00,1.875222329056317194e-01
1.553959999929827463e-03,-1.000000000000000000e+00,1.757060912846801493e-01
1.554959999929827379e-03,-1.000000000000000000e+00,1.640075232121958049e-01
1.555959999929827295e-03,-1.000000000000000000e+00,1.524253588021242112e-01
1.556959999929827211e-03,-1.000000000000000000e+00,1.409584398090682200e-01
1.557959999929827127e-03,-1.000000000000000000e+00,1.296056195124605515e-01
1.558959999929827043e-03,-1.000000000000000000e+00,1.183657626018888021e-01
1.559959999929826958e-03,-1.000000000000000000e+00,1.072377450635615681e-01
1.560959999929826874e-03,-1.000000000000000000e+00,9.622045406790424860e-02
1.561959999929826790e-03,-1.000000000000000000e+00,8.531278785827337008e-02
1.562959999929826706e-03,-1.000000000000000000e+00,7.451365564077813697e-02
1.563959999929826622e-03,-1.000000000000000000e+00,6.382197747519825770e-02
1.564959999929826538e-03,-1.000000000000000000e+00,5.323668416698732614e-02
1.565959999929826454e-03,-1.000000000000000000e+00,4.275671716035062825e-02
1.566959999929826370e-03,-1.000000000000000000e+00,3.238102843238693102e-02
1.567959999929826286e-03,-1.000000000000000000e+00,2.210858038828357811e-02
1.568959999929826201e-03,-1.000000000000000000e+00,1.193834575755438679e-02
1.569959999929826117e-03,-1.000000000000000000e+00,1.869307491310064420e-03
1.570959999929826033e-03,-1.000000000000000000e+00,-8.099541339449239583e-03
1.571959999929825949e-03,-1.000000000000000000e+00,-1.796919764452934581e-02
1.572959999929825865e-03,-1.000000000000000000e+00,-2.774064841423552405e-02
1.573959999929825781e-03,-1.000000000000000000e+00,-3.741487081807397946e-02
1.574959999929825697e-03,-1.000000000000000000e+00,-4.699283230247124771e-02
1.575959999929825613e-03,-1.000000000000000000e+00,-5.647549068752127921e-02
1.576959999929825528e-03,-1.000000000000000000e+00,-6.586379426276982307e-02
1.577959999929825444e-03,-1.000000000000000000e+00,-7.515868188204574696e-02
1.578959999929825360e-03,-1.000000000000000000e+00,-8.436108305734879576e-02
1.579959999929825276e-03,-1.000000000000000000e+00,-9.347191805180306290e-02
1.580959999929825192e-03,-1.000000000000000000e+00,-1.024920979716856390e-01
1.581959999929825108e-03,-1.000000000000000000e+00,-1.114225248575395205e-01
1.582959999929825024e-03,-1.000000000000000000e+00,-1.202640917743799526e-01
1.583959999929824940e-03,-1.000000000000000000e+00,-1.290176829010030723e-01
1.584959999929824856e-03,-1.000000000000000000e+00,-1.376841736184060694e-01
1.585959999929824771e-03,-1.000000000000000000e+00,-1.462644305973274383e-01
1.586959999929824687e-03,-1.000000000000000000e+00,-1.547593118849162619e-01
1.587959999929824603e-03,-1.000000000000000000e+00,-1.631696669905390029e-01
1.588959999929824519e-03,-1.000000000000000000e+00,-1.714963369707326046e-01
1.589959999929824435e-03,-1.000000000000000000e+00,-1.797401545133123502e-01
1.590959999929824351e-03,-1.000000000000000000e+00,-1.879019440206425584e-01
1.591959999929824267e-03,-1.000000000000000000e+00,-1.959825216920789703e-01
1.592959999929824183e-03,-1.000000000000000000e+00,-2.039826956055906249e-01
1.593959999929824099e-03,-1.000000000000000000e+00,-2.119032657985698287e-01
1.594959999929824014e-03,-1.000000000000000000e+00,-2.197450243478378251e-01
1.595959999929823930e-03,-1.000000000000000000e+00,-2.275087554488544050e-01
1.596959999929823846e-03,-1.000000000000000000e+00,-2.351952354941394818e-01
1.597959999929823762e-03,-1.000000000000000000e+00,-2.428052331509142625e-01
1.598959999929823678e-03,-1.000000000000000000e+00,-2.503395094379698982e-01
1.599959999929823594e-03,-1.000000000000000000e+00,-2.577988178017712739e-01
1.600959999929823510e-03,-1.000000000000000000e+00,-2.651839041918034323e-01
1.601959999929823426e-03,-1.000000000000000000e+00,-2.724955071351686242e-01
1.602959999929823342e-03,-1.000000000000000000e+00,-2.797343578104406481e-01
1.603959999929823257e-03,-1.000000000000000000e+00,-2.869011801207845269e-01
1.604959999929823173e-03,-1.000000000000000000e+00,-2.939966907663488782e-01
1.605959999929823089e-03,-1.000000000000000000e+00,-3.010215993159375270e-01
1.606959999929823005e-03,-1.000000000000000000e+00,-3.079766082779680225e-01
1.607959999929822921e-03,-1.000000000000000000e+00,-3.148624131707245533e-01
1.608959999929822837e-03,-1.000000000000000000e+00,-3.216797025919113096e-01
1.609959999929822753e-03,-1.000000000000000000e+00,-3.284291582875141224e-01
1.610959999929822669e-03,-1.000000000000000000e+00,-3.351114552199765950e-01
1.611959999929822585e-03,-1.000000000000000000e+00,-3.417272616356982207e-01
1.612959999929822500e-03,-1.000000000000000000e+00,-3.482772391318604832e-01
1.613959999929822416e-03,-1.000000000000000000e+00,-3.547620427225882667e-01
1.614959999929822332e-03,-1.000000000000000000e+00,-3.611823209044530691e-01
1.615959999929822248e-03,-1.000000000000000000e+00,-3.675387157213241829e-01
1.616959999929822164e-03,-1.000000000000000000e+00,-3.738318628285747791e-01
1.617959999929822080e-03,-1.000000000000000000e+00,-3.800623915566488376e-01
1.618959999929821996e-03,-1.000000000000000000e+00,-3.862309249739956374e-01
1.619959999929821912e-03,-1.000000000000000000e+00,-3.923380799493788595e-01
1.620959999929821828e-03,-1.000000000000000000e+00,-3.983844672135641862e-01
1.621959999929821743e-03,-1.000000000000000000e+00,-4.043706914203944458e-01
1.622959999929821659e-03,-1.000000000000000000e+00,-4.102973512072563000e-01
1.623959999929821575e-03,-1.000000000000000000e+00,-4.161650392549453570e-01
1.624959999929821491e-03,-1.000000000000000000e+00,-4.219743423469359822e-01
1.625959999929821407e-03,-1.000000000000000000e+00,-4.277258414280610266e-01
1.626959999929821323e-03,-1.000000000000000000e+00,-4.334201116626077432e-01
1.627959999929821239e-03,-1.000000000000000000e+00,-4.390577224918356114e-01
1.628959999929821155e-03,-1.000000000000000000e+00,-4.446392376909218402e-01
1.629959999929821070e-03,-1.000000000000000000e+00,-4.501652154253405480e-01
1.630959999929820986e-03,-1.000000000000000000e+00,-4.556362083066805013e-01
1.631959999929820902e-03,-1.000000000000000000e+00,-4.610527634479076320e-01
1.632959999929820818e-03,-1.000000000000000000e+00,-4.664154225180777158e-01
1.633959999929820734e-03,-1.000000000000000000e+00,-4.717247217965048756e-01
1.634959999929820650e-03,-1.000000000000000000e+00,-4.769811922263905157e-01
1.635959999929820566e-03,-1.000000000000000000e+00,-4.821853594679189614e-01
1.636959999929820482e-03,-1.000000000000000000e+00,-4.873377439508252418e-01
1.637959999929820398e-03,-1.000000000000000000e+00,-4.924388609264389594e-01
1.638959999929820313e-03,-1.000000000000000000e+00,-4.974892205192107397e-01
1.639959999929820229e-03,-1.000000000000000000e+00,-5.024893277777261469e-01
1.640959999929820145e-03,-1.000000000000000000e+00,-5.074396827252115605e-01
1.641959999929820061e-03,-1.000000000000000000e+00,-5.123407804095378992e-01
1.642959999929819977e-03,-1.000000000000000000e+00,-5.171931109527266868e-01
1.643959999929819893e-03,-1.000000000000000000e+00,-5.219971595999634006e-01
1.644959999929819809e-03,-1.000000000000000000e+00,-5.267534067681231003e-01
1.645959999929819725e-03,-1.000000000000000000e+00,-5.314623280938134409e-01
1.646959999929819641e-03,-1.000000000000000000e+00,-5.361243944809396256e-01
1.647959999929819556e-03,-1.000000000000000000e+00,-5.407400721477960692e-01
1.648959999929819472e-03,-1.000000000000000000e+00,-5.453098226736887710e-01
1.649959999929819388e-03,-1.000000000000000000e+00,-5.498341030450949463e-01
1.650959999929819304e-03,-1.000000000000000000e+00,-5.543133657013626925e-01
1.651959999929819220e-03,-1.000000000000000000e+00,-5.587480585799561306e-01
1.652959999929819136e-03,-1.000000000000000000e+00,-5.631386251612500171e-01
1.653959999929819052e-03,-1.000000000000000000e+00,-5.674855045128793796e-01
1.654959999929818968e-03,-1.000000000000000000e+00,-5.717891313336468384e-01
1.655959999929818884e-03,-1.000000000000000000e+00,-5.760499359969938338e-01
1.656959999929818799e-03,-1.000000000000000000e+00,-5.802683445940387541e-01
1.657959999929818715e-03,-1.000000000000000000e+00,-5.844447789761876288e-01
1.658959999929818631e-03,-1.000000000000000000e+00,-5.885796567973201610e-01
1.659959999929818547e-03,-1.000000000000000000e+00,-5.926733915555558729e-01
1.660959999929818463e-03,-1.000000000000000000e+00,-5.967263926346052516e-01
1.661959999929818379e-03,-1.000000000000000000e+00,-6.007390653447088891e-01
1.662959999929818295e-03,-1.000000000000000000e+00,-6.047118109631695049e-01
1.663959999929818211e-03,-1.000000000000000000e+00,-6.086450267744811793e-01
1.664959999929818127e-03,-1.000000000000000000e+00,-6.125391061100584622e-01
1.665959999929818042e-03,-1.000000000000000000e+00,-6.163944383875704647e-01
1.666959999929817958e-03,-1.000000000000000000e+00,-6.202114091498833748e-01
1.667959999929817874e-03,-1.000000000000000000e+00,-6.239904001036160608e-01
1.668959999929817790e-03,-1.000000000000000000e+00,-6.277317891573116482e-01
1.669959999929817706e-03,-1.000000000000000000e+00,-6.314359504592289563e-01
1.670959999929817622e-03,-1.000000000000000000e+00,-6.351032544347591235e-01
1.671959999929817538e-03,-1.000000000000000000e+00,-6.387340678234679769e-01
1.672959999929817454e-03,-1.000000000000000000e+00,-6.423287537157718052e-01
1.673959999929817370e-03,-1.000000000000000000e+00,-6.458876715892467590e-01
1.674959999929817285e-03,-1.000000000000000000e+00,-6.494111773445776503e-01
1.675959999929817201e-03,-1.000000000000000000e+00,-6.528996233411491490e-01
1.676959999929817117e-03,-1.000000000000000000e+00,-6.563533584322821524e-01
1.677959999929817033e-03,-1.000000000000000000e+00,-6.597727280001202121e-01
1.678959999929816949e-03,-1.000000000000000000e+00,-6.631580739901689059e-01
1.679959999929816865e-03,-1.000000000000000000e+00,-6.665097349454907061e-01
1.680959999929816781e-03,-1.000000000000000000e+00,-6.698280460405605652e-01
1.681959999929816697e-03,-1.000000000000000000e+00,-6.731133391147841039e-01
1.682959999929816612e-03,-1.000000000000000000e+00,-6.763659427056819551e-01
1.683959999929816528e-03,-1.000000000000000000e+00,-6.795861820817448162e-01
1.684959999929816444e-03,-1.000000000000000000e+00,-6.827743792749610963e-01
1.685959999929816360e-03,-1.000000000000000000e+00,-6.859308531130211550e-01
1.686959999929816276e-03,-1.000000000000000000e+00,-6.890559192512000219e-01
1.687959999929816192e-03,-1.000000000000000000e+00,-6.921498902039244783e-01
1.688959999929816108e-03,-1.000000000000000000e+00,-6.952130753760248361e-01
1.689959999929816024e-03,-1.000000000000000000e+00,-6.982457810936764098e-01
1.690959999929815940e-03,-1.000000000000000000e+00,-7.012483106350329010e-01
1.691959999929815855e-03,-1.000000000000000000e+00,-7.042209642605550268e-01
1.692959999929815771e-03,-1.000000000000000000e+00,-7.071640392430371680e-01
1.693959999929815687e-03,-1.000000000000000000e+00,-7.100778298973353664e-01
1.694959999929815603e-03,-1.000000000000000000e+00,-7.129626276097995596e-01
1.695959999929815519e-03,-1.000000000000000000e+00,-7.158187208674133828e-01
1.696959999929815435e-03,-1.000000000000000000e+00,-7.186463952866430915e-01
1.697959999929815351e-03,-1.000000000000000000e+00,-7.214459336419998259e-01
1.698959999929815267e-03,-1.000000000000000000e+00,-7.242176158943184339e-01
1.699959999929815183e-03,-1.000000000000000000e+00,-7.269617192187531884e-01
1.700959999929815098e-03,-1.000000000000000000e+00,-7.296785180324970588e-01
1.701959999929815014e-03,-1.000000000000000000e+00,-7.323682840222236479e-01
1.702959999929814930e-03,-1.000000000000000000e+00,-7.350312861712564594e-01
1.703959999929814846e-03,-1.000000000000000000e+00,-7.376677907864680472e-01
1.704959999929814762e-03,-1.000000000000000000e+00,-7.402780615249112683e-01
1.705959999929814678e-03,-1.000000000000000000e+00,-7.428623594201857472e-01
1.706959999929814594e-03,-1.000000000000000000e+00,-7.454209429085419947e-01
1.707959999929814510e-03,-1.000000000000000000e+00,-7.479540678547254018e-01
1.708959999929814426e-03,-1.000000000000000000e+00,-7.504619875775637716e-01
1.709959999929814341e-03,-1.000000000000000000e+00,-7.529449528752996113e-01
1.710959999929814257e-03,-1.000000000000000000e+00,-7.554032120506700698e-01
1.711959999929814173e-03,-1.000000000000000000e+00,-7.578370109357382978e-01
1.712959999929814089e-03,-1.000000000000000000e+00,-7.602465929164772263e-01
1.713959999929814005e-03,-1.000000000000000000e+00,-7.626321989571095417e-01
1.714959999929813921e-03,-1.000000000000000000e+00,-7.649940676242031889e-01
1.715959999929813837e-03,-1.000000000000000000e+00,-7.673324351105297314e-01
1.716959999929813753e-03,-1.000000000000000000e+00,-7.696475352586837904e-01
1.717959999929813669e-03,-1.000000000000000000e+00,-7.719395995844680058e-01
1.718959999929813584e-03,-1.000000000000000000e+00,-7.742088573000454055e-01
1.719959999929813500e-03,-1.000000000000000000e+00,-7.764555353368610691e-01
1.720959999929813416e-03,-1.000000000000000000e+00,-7.786798583683350872e-01
1.721959999929813332e-03,-1.000000000000000000e+00,-7.808820488323318099e-01
1.722959999929813248e-03,-1.000000000000000000e+00,-7.830623269534031650e-01
1.723959999929813164e-03,-1.000000000000000000e+00,-7.852209107648121522e-01
1.724959999929813080e-03,-1.000000000000000000e+00,-7.873580161303365132e-01
1.725959999929812996e-03,-1.000000000000000000e+00,-7.894738567658556860e-01
1.726959999929812912e-03,-1.000000000000000000e+00,-7.915686442607227091e-01
1.727959999929812827e-03,-1.000000000000000000e+00,-7.936425880989245174e-01
1.728959999929812743e-03,-1.000000000000000000e+00,-7.956958956800298521e-01
1.729959999929812659e-03,-1.000000000000000000e+00,-7.977287723399301145e-01
1.730959999929812575e-03,-1.000000000000000000e+00,-7.997414213713737174e-01
1.731959999929812491e-03,-1.000000000000000000e+00,-8.017340440442953797e-01
1.732959999929812407e-03,-1.000000000000000000e+00,-8.037068396259441361e-01
1.733959999929812323e-03,-1.000000000000000000e+00,-8.056600054008103973e-01
1.734959999929812239e-03,-1.000000000000000000e+00,-8.075937366903547243e-01
1.735959999929812154e-03,-1.000000000000000000e+00,-8.095082268725400931e-01
1.736959999929812070e-03,-1.000000000000000000e+00,-8.114036674011716466e-01
1.737959999929811986e-03,-1.000000000000000000e+00,-8.132802478250404921e-01
1.738959999929811902e-03,-1.000000000000000000e+00,-8.151381558068809818e-01
1.739959999929811818e-03,-1.000000000000000000e+00,-8.169775771421360355e-01
1.740959999929811734e-03,-1.000000000000000000e+00,-8.187986957775377217e-01
1.741959999929811650e-03,-1.000000000000000000e+00,-8.206016938295024321e-01
1.742959999929811566e-03,-1.000000000000000000e+00,-8.223867516023433133e-01
1.743959999929811482e-03,-1.000000000000000000e+00,-8.241540476063003995e-01
1.744959999929811397e-03,-1.000000000000000000e+00,-8.259037585753922217e-01
1.745959999929811313e-03,-1.000000000000000000e+00,-8.276360594850901142e-01
1.746959999929811229e-03,-1.000000000000000000e+00,-8.293511235698157735e-01
1.747959999929811145e-03,-1.000000000000000000e+00,-8.310491223402655114e-01
1.748959999929811061e-03,-1.000000000000000000e+00,-8.327302256005615355e-01
1.749959999929810977e-03,-1.000000000000000000e+00,-8.343946014652329213e-01
1.750959999929810893e-03,-1.000000000000000000e+00,-8.360424163760268312e-01
1.751959999929810809e-03,-1.000000000000000000e+00,-8.376738351185539777e-01
1.752959999929810725e-03,-1.000000000000000000e+00,-8.392890208387674411e-01
1.753959999929810640e-03,-1.000000000000000000e+00,-8.408881350592772863e-01
1.754959999929810556e-03,-1.000000000000000000e+00,-8.424713376955036415e-01
1.755959999929810472e-03,-1.000000000000000000e+00,-8.440387870716680174e-01
1.756959999929810388e-03,-1.000000000000000000e+00,-8.455906399366268644e-01
1.757959999929810304e-03,-1.000000000000000000e+00,-8.471270514795461448e-01
1.758959999929810220e-03,-1.000000000000000000e+00,-8.486481753454211407e-01
1.759959999929810136e-03,-1.000000000000000000e+00,-8.501541636504418298e-01
1.760959999929810052e-03,-1.000000000000000000e+00,-8.516451669972038285e-01
1.761959999929809968e-03,-1.000000000000000000e+00,-8.531213344897690121e-01
1.762959999929809883e-03,-1.000000000000000000e+00,-8.545828137485774745e-01
1.763959999929809799e-03,-1.000000000000000000e+00,-8.560297509252087211e-01
1.764959999929809715e-03,-1.000000000000000000e+00,-8.574622907169977548e-01
1.765959999929809631e-03,-1.000000000000000000e+00,-8.588805763815051675e-01
1.766959999929809547e-03,-1.000000000000000000e+00,-8.602847497508434582e-01
1.767959999929809463e-03,-1.000000000000000000e+00,-8.616749512458600213e-01
1.768959999929809379e-03,-1.000000000000000000e+00,-8.630513198901800243e-01
1.769959999929809295e-03,-1.000000000000000000e+00,-8.644139933241086204e-01
1.770959999929809211e-03,-1.000000000000000000e+00,-8.657631078183962714e-01
1.771959999929809126e-03,-1.000000000000000000e+00,-8.670987982878651801e-01
1.772959999929809042e-03,-1.000000000000000000e+00,-8.684211983049016093e-01
1.773959999929808958e-03,-1.000000000000000000e+00,-8.697304401128130857e-01
1.774959999929808874e-03,-1.000000000000000000e+00,-8.710266546390539322e-01
1.775959999929808790e-03,-1.000000000000000000e+00,-8.723099715083170169e-01
1.776959999929808706e-03,-1.000000000000000000e+00,-8.735805190554979394e-01
1.777959999929808622e-03,-1.000000000000000000e+00,-8.748384243385278758e-01
1.778959999929808538e-03,-1.000000000000000000e+00,-8.760838131510798599e-01
1.779959999929808454e-03,-1.000000000000000000e+00,-8.773168100351490528e-01
1.780959999929808369e-03,-1.000000000000000000e+00,-8.785375382935058930e-01
1.781959999929808285e-03,-1.000000000000000000e+00,-8.797461200020282313e-01
1.782959999929808201e-03,-1.000000000000000000e+00,-8.809426760219087882e-01
1.783959999929808117e-03,-1.000000000000000000e+00,-8.821273260117405979e-01
1.784959999929808033e-03,-1.000000000000000000e+00,-8.833001884394845460e-01
1.785959999929807949e-03,-1.000000000000000000e+00,-8.844613805943155604e-01
1.786959999929807865e-03,-1.000000000000000000e+00,-8.856110185983524508e-01
1.787959999929807781e-03,-1.000000000000000000e+00,-8.867492174182696196e-01
1.788959999929807696e-03,-1.000000000000000000e+00,-8.878760908767943105e-01
1.789959999929807612e-03,-1.000000000000000000e+00,-8.889917516640899464e-01
1.790959999929807528e-03,-1.000000000000000000e+00,-8.900963113490244494e-01
1.791959999929807444e-03,-1.000000000000000000e+00,-8.911898803903276489e-01
1.792959999929807360e-03,-1.000000000000000000e+00,-8.922725681476378901e-01
1.793959999929807276e-03,-1.000000000000000000e+00,-8.933444828924376191e-01
1.794959999929807192e-03,-1.000000000000000000e+00,-8.944057318188812777e-01
1.795959999929807108e-03,-1.000000000000000000e+00,-8.954564210545143954e-01
1.796959999929807024e-03,-1.000000000000000000e+00,-8.964966556708874323e-01
1.797959999929806939e-03,-1.000000000000000000e+00,-8.975265396940629303e-01
1.798959999929806855e-03,-1.000000000000000000e+00,-8.985461761150176363e-01
1.799959999929806771e-03,-1.000000000000000000e+00,-8.995556668999428185e-01
1.800959999929806687e-03,-1.000000000000000000e+00,-9.005551130004408877e-01
1.801959999929806603e-03,-1.000000000000000000e+00,-9.015446143636205445e-01
1.802959999929806519e-03,-1.000000000000000000e+00,-9.025242699420920056e-01
1.803959999929806435e-03,-1.000000000000000000e+00,-9.034941777038623112e-01
1.804959999929806351e-03,-1.000000000000000000e+00,-9.044544346421321546e-01
1.805959999929806267e-03,-1.000000000000000000e+00,-9.054051367849964560e-01
1.806959999929806182e-03,-1.000000000000000000e+00,-9.063463792050464596e-01
1.807959999929806098e-03,-1.000000000000000000e+00,-9.072782560288769060e-01
1.808959999929806014e-03,-1.000000000000000000e+00,-9.082008604465000579e-01
1.809959999929805930e-03,-1.000000000000000000e+00,-9.091142847206643562e-01
1.810959999929805846e-03,-1.000000000000000000e+00,-9.100186201960807075e-01
1.811959999929805762e-03,-1.000000000000000000e+00,-9.109139573085576203e-01
1.812959999929805678e-03,-1.000000000000000000e+00,-9.118003855940446378e-01
1.813959999929805594e-03,-1.000000000000000000e+00,-9.126779936975866203e-01
1.814959999929805510e-03,-1.000000000000000000e+00,-9.135468693821879871e-01
1.815959999929805425e-03,-1.000000000000000000e+00,-9.144070995375893629e-01
1.816959999929805341e-03,-1.000000000000000000e+00,-9.152587701889567384e-01
1.817959999929805257e-03,-1.000000000000000000e+00,-9.161019665054848105e-01
1.818959999929805173e-03,-1.000000000000000000e+00,-9.169367728089131697e-01
1.819959999929805089e-03,-1.000000000000000000e+00,-9.177632725819588888e-01
1.820959999929805005e-03,-1.000000000000000000e+00,-9.185815484766658434e-01
1.821959999929804921e-03,-1.000000000000000000e+00,-9.193916823226693236e-01
1.822959999929804837e-03,-1.000000000000000000e+00,-9.201937551353791545e-01
1.823959999929804753e-03,-1.000000000000000000e+00,-9.209878471240818820e-01
1.824959999929804668e-03,-1.000000000000000000e+00,-9.217740376999618013e-01
1.825959999929804584e-03,-1.000000000000000000e+00,-9.225524054840418264e-01
1.826959999929804500e-03,-1.000000000000000000e+00,-9.233230283150463125e-01
1.827959999929804416e-03,-1.000000000000000000e+00,-9.240859832571852728e-01
1.828959999929804332e-03,-1.000000000000000000e+00,-9.248413466078603262e-01
1.829959999929804248e-03,-1.000000000000000000e+00,-9.255891939052945938e-01
1.830959999929804164e-03,-1.000000000000000000e+00,-9.263295999360875443e-01
1.831959999929804080e-03,-1.000000000000000000e+00,-9.270626387426935677e-01
1.832959999929803995e-03,-1.000000000000000000e+00,-9.277883836308261634e-01
1.833959999929803911e-03,-1.000000000000000000e+00,-9.285069071767881876e-01
1.834959999929803827e-03,-1.000000000000000000e+00,-9.292182812347306031e-01
1.835959999929803743e-03,-1.000000000000000000e+00,-9.299225769438377309e-01
1.836959999929803659e-03,-1.000000000000000000e+00,-9.306198647354415598e-01
1.837959999929803575e-03,-1.000000000000000000e+00,-9.313102143400640021e-01
1.838959999929803491e-03,-1.000000000000000000e+00,-9.319936947943916472e-01
1.839959999929803407e-03,-1.000000000000000000e+00,-9.326703744481789071e-01
1.840959999929803323e-03,-1.000000000000000000e+00,-9.333403209710825488e-01
1.841959999929803238e-03,-1.000000000000000000e+00,-9.340036013594301689e-01
1.842959999929803154e-03,-1.000000000000000000e+00,-9.346602819429186138e-01
1.843959999929803070e-03,-1.000000000000000000e+00,-9.353104283912478945e-01
1.844959999929802986e-03,-1.000000000000000000e+00,-9.359541057206882675e-01
1.845959999929802902e-03,-1.000000000000000000e+00,-9.365913783005821447e-01
1.846959999929802818e-03,-1.000000000000000000e+00,-9.372223098597803892e-01
1.847959999929802734e-03,-1.000000000000000000e+00,-9.378469634930164389e-01
1.848959999929802650e-03,-1.000000000000000000e+00,-9.384654016672154819e-01
1.849959999929802566e-03,-1.000000000000000000e+00,-9.390776862277409043e-01
1.850959999929802481e-03,-1.000000000000000000e+00,-9.396838784045794535e-01
1.851959999929802397e-03,-1.000000000000000000e+00,-9.402840388184643405e-01
1.852959999929802313e-03,-1.000000000000000000e+00,-9.408782274869373907e-01
1.853959999929802229e-03,-1.000000000000000000e+00,-9.414665038303510203e-01
1.854959999929802145e-03,-1.000000000000000000e+00,-9.420489266778100390e-01
1.855959999929802061e-03,-1.000000000000000000e+00,-9.426255542730557213e-01
1.856959999929801977e-03,-1.000000000000000000e+00,-9.431964442802891480e-01
1.857959999929801893e-03,-1.000000000000000000e+00,-9.437616537899380376e-01
1.858959999929801809e-03,-1.000000000000000000e+00,-9.443212393243665126e-01
1.859959999929801724e-03,-1.000000000000000000e+00,-9.448752568435271337e-01
1.860959999929801640e-03,-1.000000000000000000e+00,-9.454237617505569791e-01
1.861959999929801556e-03,-1.000000000000000000e+00,-9.459668088973176570e-01
1.862959999929801472e-03,-1.000000000000000000e+00,-9.465044525898816952e-01
1.863959999929801388e-03,-1.000000000000000000e+00,-9.470367465939625307e-01
1.864959999929801304e-03,-1.000000000000000000e+00,-9.475637441402913197e-01
1.865959999929801220e-03,-1.000000000000000000e+00,-9.480854979299404572e-01
1.866959999929801136e-03,-1.000000000000000000e+00,-9.486020601395928065e-01
1.867959999929801052e-03,-1.000000000000000000e+00,-9.491134824267610792e-01
1.868959999929800967e-03,-1.000000000000000000e+00,-9.496198159349527046e-01
1.869959999929800883e-03,-1.000000000000000000e+00,-9.501211112987842933e-01
1.870959999929800799e-03,-1.000000000000000000e+00,-9.506174186490452538e-01
1.871959999929800715e-03,-1.000000000000000000e+00,-9.511087876177113376e-01
1.872959999929800631e-03,-1.000000000000000000e+00,-9.515952673429083353e-01
1.873959999929800547e-03,-1.000000000000000000e+00,-9.520769064738248133e-01
1.874959999929800463e-03,-1.000000000000000000e+00,-9.525537531755781107e-01
1.875959999929800379e-03,-1.000000000000000000e+00,-9.530258551340303752e-01
1.876959999929800295e-03,-1.000000000000000000e+00,-9.534932595605576378e-01
1.877959999929800210e-03,-1.000000000000000000e+00,-9.539560131967711465e-01
1.878959999929800126e-03,-1.000000000000000000e+00,-9.544141623191914059e-01
1.879959999929800042e-03,-1.000000000000000000e+00,-9.548677527438759194e-01
1.880959999929799958e-03,-1.000000000000000000e+00,-9.553168298310015238e-01
1.881959999929799874e-03,-1.000000000000000000e+00,-9.557614384893995396e-01
1.882959999929799790e-03,-1.000000000000000000e+00,-9.562016231810473998e-01
1.883959999929799706e-03,-1.000000000000000000e+00,-9.566374279255145385e-01
1.884959999929799622e-03,-1.000000000000000000e+00,-9.570688963043652020e-01
1.885959999929799537e-03,-1.000000000000000000e+00,-9.574960714655157412e-01
1.886959999929799453e-03,-1.000000000000000000e+00,-9.579189961275504928e-01
1.887959999929799369e-03,-1.000000000000000000e+00,-9.583377125839931399e-01
1.888959999929799285e-03,-1.000000000000000000e+00,-9.587522627075358850e-01
1.889959999929799201e-03,-1.000000000000000000e+00,-9.591626879542271000e-01
1.890959999929799117e-03,-1.000000000000000000e+00,-9.595690293676177873e-01
1.891959999929799033e-03,-1.000000000000000000e+00,-9.599713275828654080e-01
1.892959999929798949e-03,-1.000000000000000000e+00,-9.603696228307972982e-01
1.893959999929798865e-03,-1.000000000000000000e+00,-9.607639549419338953e-01
1.894959999929798780e-03,-1.000000000000000000e+00,-9.611543633504719963e-01
1.895959999929798696e-03,-1.000000000000000000e+00,-9.615408870982284917e-01
1.896959999929798612e-03,-1.000000000000000000e+00,-9.619235648385447979e-01
1.897959999929798528e-03,-1.000000000000000000e+00,-9.623024348401515438e-01
1.898959999929798444e-03,-1.000000000000000000e+00,-9.626775349909957313e-01
1.899959999929798360e-03,-1.000000000000000000e+00,-9.630489028020305931e-01
1.900959999929798276e-03,-1.000000000000000000e+00,-9.634165754109654811e-01
1.901959999929798192e-03,-1.000000000000000000e+00,-9.637805895859808958e-01
1.902959999929798108e-03,-1.000000000000000000e+00,-9.641409817294041007e-01
1.903959999929798023e-03,-1.000000000000000000e+00,-9.644977878813504324e-01
1.904959999929797939e-03,-1.000000000000000000e+00,-9.648510437233269732e-01
1.905959999929797855e-03,-1.000000000000000000e+00,-9.652007845818012521e-01
1.906959999929797771e-03,-1.000000000000000000e+00,-9.655470454317335305e-01
1.907959999929797687e-03,-1.000000000000000000e+00,-9.658898609000745594e-01
1.908959999929797603e-03,-1.000000000000000000e+00,-9.662292652692282546e-01
1.909959999929797519e-03,-1.000000000000000000e+00,-9.665652924804798429e-01
1.910959999929797435e-03,-1.000000000000000000e+00,-9.668979761373903692e-01
1.911959999929797351e-03,-1.000000000000000000e+00,-9.672273495091577855e-01
1.912959999929797266e-03,-1.000000000000000000e+00,-9.675534455339422912e-01
1.913959999929797182e-03,-1.000000000000000000e+00,-9.678762968221616969e-01
1.914959999929797098e-03,-1.000000000000000000e+00,-9.681959356597520383e-01
1.915959999929797014e-03,-1.000000000000000000e+00,-9.685123940113961050e-01
1.916959999929796930e-03,-1.000000000000000000e+00,-9.688257035237204384e-01
1.917959999929796846e-03,-1.000000000000000000e+00,-9.691358955284596899e-01
1.918959999929796762e-03,-1.000000000000000000e+00,-9.694430010455894475e-01
1.919959999929796678e-03,-1.000000000000000000e+00,-9.697470507864295319e-01
1.920959999929796594e-03,-1.000000000000000000e+00,-9.700480751567139848e-01
1.921959999929796509e-03,-1.000000000000000000e+00,-9.703461042596323027e-01
1.922959999929796425e-03,-1.000000000000000000e+00,-9.706411678988401404e-01
1.923959999929796341e-03,-1.000000000000000000e+00,-9.709332955814387045e-01
1.924959999929796257e-03,-1.000000000000000000e+00,-9.712225165209267264e-01
1.925959999929796173e-03,-1.000000000000000000e+00,-9.715088596401214582e-01
1.926959999929796089e-03,-1.000000000000000000e+00,-9.717923535740506935e-01
1.927959999929796005e-03,-1.000000000000000000e+00,-9.720730266728164759e-01
1.928959999929795921e-03,-1.000000000000000000e+00,-9.723509070044302760e-01
1.929959999929795837e-03,-1.000000000000000000e+00,-9.726260223576201902e-01
1.930959999929795752e-03,-1.000000000000000000e+00,-9.728984002446090518e-01
1.931959999929795668e-03,-1.000000000000000000e+00,-9.731680679038667847e-01
1.932959999929795584e-03,-1.000000000000000000e+00,-9.734350523028334479e-01
1.933959999929795500e-03,-1.000000000000000000e+00,-9.736993801406162996e-01
1.934959999929795416e-03,-1.000000000000000000e+00,-9.739610778506601063e-01
1.935959999929795332e-03,-1.000000000000000000e+00,-9.742201716033899173e-01
1.936959999929795248e-03,-1.000000000000000000e+00,-9.744766873088288595e-01
1.937959999929795164e-03,-1.000000000000000000e+00,-9.747306506191888431e-01
1.938959999929795079e-03,-1.000000000000000000e+00,-9.749820869314357319e-01
1.939959999929794995e-03,-1.000000000000000000e+00,-9.752310213898295332e-01
1.940959999929794911e-03,-1.000000000000000000e+00,-9.754774788884382763e-01
1.941959999929794827e-03,-1.000000000000000000e+00,-9.757214840736280204e-01
1.942959999929794743e-03,-1.000000000000000000e+00,-9.759630613465275495e-01
1.943959999929794659e-03,-1.000000000000000000e+00,-9.762022348654678661e-01
1.944959999929794575e-03,-1.000000000000000000e+00,-9.764390285483987020e-01
1.945959999929794491e-03,-1.000000000000000000e+00,-9.766734660752803832e-01
1.946959999929794407e-03,-1.000000000000000000e+00,-9.769055708904519353e-01
1.947959999929794322e-03,-1.000000000000000000e+00,-9.771353662049748756e-01
1.948959999929794238e-03,-1.000000000000000000e+00,-9.773628749989553555e-01
1.949959999929794154e-03,-1.000000000000000000e+00,-9.775881200238415447e-01
1.950959999929794070e-03,-1.000000000000000000e+00,-9.778111238046989229e-01
1.951959999929793986e-03,-1.000000000000000000e+00,-9.780319086424631436e-01
1.952959999929793902e-03,-1.000000000000000000e+00,-9.782504966161698068e-01
1.953959999929793818e-03,-1.000000000000000000e+00,-9.784669095851632470e-01
1.954959999929793951e-03,-1.000000000000000000e+00,-9.786811691912811195e-01
1.955959999929794083e-03,-1.000000000000000000e+00,-9.788932968610198904e-01
1.956959999929794216e-03,-1.000000000000000000e+00,-9.791033138076764564e-01
1.957959999929794349e-03,-1.000000000000000000e+00,-9.793112410334708917e-01
1.958959999929794481e-03,-1.000000000000000000e+00,-9.795170993316456576e-01
1.959959999929794614e-03,-1.000000000000000000e+00,-9.797209092885447168e-01
1.960959999929794747e-03,-1.000000000000000000e+00,-9.799226912856737748e-01
1.961959999929794880e-03,-1.000000000000000000e+00,-9.801224655017368725e-01
1.962959999929795012e-03,-1.000000000000000000e+00,-9.803202519146548832e-01
1.963959999929795145e-03,-1.000000000000000000e+00,-9.805160703035639136e-01
1.964959999929795278e-03,-1.000000000000000000e+00,-9.807099402507922781e-01
1.965959999929795411e-03,-1.000000000000000000e+00,-9.809018811438192653e-01
1.966959999929795543e-03,-1.000000000000000000e+00,-9.810919121772140317e-01
1.967959999929795676e-03,-1.000000000000000000e+00,-9.812800523545551767e-01
1.968959999929795809e-03,-1.000000000000000000e+00,-9.814663204903307792e-01
1.969959999929795941e-03,-1.000000000000000000e+00,-9.816507352118201135e-01
1.970959999929796074e-03,-1.000000000000000000e+00,-9.818333149609564936e-01
1.971959999929796207e-03,-1.000000000000000000e+00,-9.820140779961707977e-01
1.972959999929796340e-03,-1.000000000000000000e+00,-9.821930423942188959e-01
1.973959999929796472e-03,-1.000000000000000000e+00,-9.823702260519880936e-01
1.974959999929796605e-03,-1.000000000000000000e+00,-9.825456466882868112e-01
1.975959999929796738e-03,-1.000000000000000000e+00,-9.827193218456172774e-01
1.976959999929796871e-03,-1.000000000000000000e+00,-9.828912688919297924e-01
1.977959999929797003e-03,-1.000000000000000000e+00,-9.830615050223584506e-01
1.978959999929797136e-03,-1.000000000000000000e+00,-9.832300472609422082e-01
1.979959999929797269e-03,-1.000000000000000000e+00,-9.833969124623260782e-01
1.980959999929797401e-03,-1.000000000000000000e+00,-9.835621173134473372e-01
1.981959999929797534e-03,-1.000000000000000000e+00,-9.837256783352043010e-01
1.982959999929797667e-03,-1.000000000000000000e+00,-9.838876118841078933e-01
1.983959999929797800e-03,-1.000000000000000000e+00,-9.840479341539176694e-01
1.984959999929797932e-03,-1.000000000000000000e+00,-9.842066611772617435e-01
1.985959999929798065e-03,-1.000000000000000000e+00,-9.843638088272391728e-01
1.986959999929798198e-03,-1.000000000000000000e+00,-9.845193928190077992e-01
1.987959999929798331e-03,-1.000000000000000000e+00,-9.846734287113558803e-01
1.988959999929798463e-03,-1.000000000000000000e+00,-9.848259319082579566e-01
1.989959999929798596e-03,-1.000000000000000000e+00,-9.849769176604147303e-01
1.990959999929798729e-03,-1.000000000000000000e+00,-9.851264010667788451e-01
1.991959999929798861e-03,-1.000000000000000000e+00,-9.852743970760645675e-01
1.992959999929798994e-03,-1.000000000000000000e+00,-9.854209204882430351e-01
1.993959999929799127e-03,-1.000000000000000000e+00,-9.855659859560218505e-01
1.994959999929799260e-03,-1.000000000000000000e+00,-9.857096079863103544e-01
1.995959999929799392e-03,-1.000000000000000000e+00,-9.858518009416703531e-01
1.996959999929799525e-03,-1.000000000000000000e+00,-9.859925790417531921e-01
1.997959999929799658e-03,-1.000000000000000000e+00,-9.861319563647207298e-01
1.998959999929799791e-03,-1.000000000000000000e+00,-9.862699468486539889e-01
1.999959999929799923e-03,-1.000000000000000000e+00,-9.864065642929461530e-01
2.000000000000000042e-03,-1.000000000000000000e+00,-9.864120005895105070e-01
2.000080000140400278e-03,-8.399997191995264290e-01,-9.862949641881207929e-01
2.000240000421200752e-03,-5.199991575985792869e-01,-9.858052822330309883e-01
2.000560000982801699e-03,1.200019656033151083e-01,-9.832947133412567320e-01
2.001000000000000174e-03,1.000000000000000000e+00,-9.765191336877038220e-01
2.001064000112320190e-03,1.000000000000000000e+00,-9.752549682893885130e-01
2.001192000336960656e-03,1.000000000000000000e+00,-9.727282545923620072e-01
2.001448000786241587e-03,1.000000000000000000e+00,-9.676845173924633059e-01
2.001960001684803016e-03,1.000000000000000000e+00,-9.576356800512987322e-01
2.002960001684803149e-03,1.000000000000000000e+00,-9.381567180607386369e-01
2.003960001684803281e-03,1.000000000000000000e+00,-9.188715765874976293e-01
2.004960001684803414e-03,1.000000000000000000e+00,-8.997783270692143454e-01
2.005960001684803547e-03,1.000000000000000000e+00,-8.808750601332023811e-01
2.006960001684803679e-03,1.000000000000000000e+00,-8.621598854055090300e-01
2.007960001684803812e-03,1.000000000000000000e+00,-8.436309313218723904e-01
2.008960001684803945e-03,1.000000000000000000e+00,-8.252863449405604124e-01
2.009960001684804078e-03,1.000000000000000000e+00,-8.071242917570722319e-01
2.010960001684804210e-03,1.000000000000000000e+00,-7.891429555206833646e-01
2.011960001684804343e-03,1.000000000000000000e+00,-7.713405380528158828e-01
2.012960001684804476e-03,1.000000000000000000e+00,-7.537152590672158148e-01
2.013960001684804609e-03,1.000000000000000000e+00,-7.362653559919202229e-01
2.014960001684804741e-03,1.000000000000000000e+00,-7.189890837929957534e-01
2.015960001684804874e-03,1.000000000000000000e+00,-7.018847148000308955e-01
2.016960001684805007e-03,1.000000000000000000e+00,-6.849505385333638507e-01
2.017960001684805139e-03,1.000000000000000000e+00,-6.681848615330318042e-01
2.018960001684805272e-03,1.000000000000000000e+00,-6.515860071894197247e-01
2.019960001684805405e-03,1.000000000000000000e+00,-6.351523155755947059e-01
2.020960001684805538e-03,1.000000000000000000e+00,-6.188821432813101930e-01
2.021960001684805670e-03,1.000000000000000000e+00,-6.027738632486604464e-01
2.022960001684805803e-03,1.000000000000000000e+00,-5.868258646093702513e-01
2.023960001684805936e-03,1.000000000000000000e+00,-5.710365525237048878e-01
2.024960001684806069e-03,1.000000000000000000e+00,-5.554043480209814865e-01
2.025960001684806201e-03,1.000000000000000000e+00,-5.399276878416682246e-01
2.026960001684806334e-03,1.000000000000000000e+00,-5.246050242810545994e-01
2.027960001684806467e-03,1.000000000000000000e+00,-5.094348250344769014e-01
2.028960001684806599e-03,1.000000000000000000e+00,-4.944155730440840668e-01
2.029960001684806732e-03,1.000000000000000000e+00,-4.795457663471279774e-01
2.030960001684806865e-03,1.000000000000000000e+00,-4.648239179257635523e-01
2.031960001684806998e-03,1.000000000000000000e+00,-4.502485555583430332e-01
2.032960001684807130e-03,1.000000000000000000e+00,-4.358182216721903646e-01
2.033960001684807263e-03,1.000000000000000000e+00,-4.215314731978402896e-01
2.034960001684807396e-03,1.000000000000000000e+00,-4.073868814247275094e-01
2.035960001684807529e-03,1.000000000000000000e+00,-3.933830318583123042e-01
2.036960001684807661e-03,1.000000000000000000e+00,-3.795185240786276837e-01
2.037960001684807794e-03,1.000000000000000000e+00,-3.657919716002334676e-01
2.038960001684807927e-03,1.000000000000000000e+00,-3.522020017335644737e-01
2.039960001684808059e-03,1.000000000000000000e+00,-3.387472554476584352e-01
2.040960001684808192e-03,1.000000000000000000e+00,-3.254263872342489927e-01
2.041960001684808325e-03,1.000000000000000000e+00,-3.122380649732118263e-01
2.042960001684808458e-03,1.000000000000000000e+00,-2.991809697993491057e-01
2.043960001684808590e-03,1.000000000000000000e+00,-2.862537959704998247e-01
2.044960001684808723e-03,1.000000000000000000e+00,-2.734552507369625296e-01
2.045960001684808856e-03,1.000000000000000000e+00,-2.607840542122166205e-01
2.046960001684808989e-03,1.000000000000000000e+00,-2.482389392449309007e-01
2.047960001684809121e-03,1.000000000000000000e+00,-2.358186512922450240e-01
2.048960001684809254e-03,1.000000000000000000e+00,-2.235219482943122116e-01
2.049960001684809387e-03,1.000000000000000000e+00,-2.113476005500902200e-01
2.050960001684809519e-03,1.000000000000000000e+00,-1.992943905943679317e-01
2.051960001684809652e-03,1.000000000000000000e+00,-1.873611130760160504e-01
2.052960001684809785e-03,1.000000000000000000e+00,-1.755465746374487435e-01
2.053960001684809918e-03,1.000000000000000000e+00,-1.638495937952850756e-01
2.054960001684810050e-03,1.000000000000000000e+00,-1.522690008221976588e-01
2.055960001684810183e-03,1.000000000000000000e+00,-1.408036376299369175e-01
2.056960001684810316e-03,1.000000000000000000e+00,-1.294523576535196174e-01
2.057960001684810449e-03,1.000000000000000000e+00,-1.182140257365691949e-01
2.058960001684810581e-03,1.000000000000000000e+00,-1.070875180177973812e-01
2.059960001684810714e-03,1.000000000000000000e+00,-9.607172181861529936e-02
2.060960001684810847e-03,1.000000000000000000e+00,-8.516553553186287373e-02
2.061960001684810979e-03,1.000000000000000000e+00,-7.436786851164531309e-02
2.062960001684811112e-03,1.000000000000000000e+00,-6.367764096426575815e-02
2.063960001684811245e-03,1.000000000000000000e+00,-5.309378384024321385e-02
2.064960001684811378e-03,1.000000000000000000e+00,-4.261523872740498320e-02
2.065960001684811510e-03,1.000000000000000000e+00,-3.224095774504274342e-02
2.066960001684811643e-03,1.000000000000000000e+00,-2.196990343912192181e-02
2.067960001684811776e-03,1.000000000000000000e+00,-1.180104867853364915e-02
2.068960001684811909e-03,1.000000000000000000e+00,-1.733376552379087797e-03
2.069960001684812041e-03,1.000000000000000000e+00,8.234119731724187999e-03
2.070960001684812174e-03,1.000000000000000000e+00,1.810243694832394667e-02
2.071960001684812307e-03,1.000000000000000000e+00,2.787256195381326504e-02
2.072960001684812439e-03,1.000000000000000000e+00,3.754547178511861288e-02
2.073960001684812572e-03,1.000000000000000000e+00,4.712213375740599564e-02
2.074960001684812705e-03,1.000000000000000000e+00,5.660350556081491374e-02
2.075960001684812838e-03,1.000000000000000000e+00,6.599053535622971534e-02
2.076960001684812970e-03,1.000000000000000000e+00,7.528416187009809302e-02
2.077960001684813103e-03,1.000000000000000000e+00,8.448531448830606805e-02
2.078960001684813236e-03,1.000000000000000000e+00,9.359491334911895777e-02
2.079960001684813369e-03,1.000000000000000000e+00,1.026138694351973746e-01
2.080960001684813501e-03,1.000000000000000000e+00,1.115430846646979085e-01
2.081960001684813634e-03,1.000000000000000000e+00,1.203834519814670906e-01
2.082960001684813767e-03,1.000000000000000000e+00,1.291358554443381157e-01
2.083960001684813899e-03,1.000000000000000000e+00,1.378011703155387624e-01
2.084960001684814032e-03,1.000000000000000000e+00,1.463802631482199745e-01
2.085960001684814165e-03,1.000000000000000000e+00,1.548739918731133203e-01
2.086960001684814298e-03,1.000000000000000000e+00,1.632832058843261269e-01
2.087960001684814430e-03,1.000000000000000000e+00,1.716087461242831180e-01
2.088960001684814563e-03,1.000000000000000000e+00,1.798514451678225878e-01
2.089960001684814696e-03,1.000000000000000000e+00,1.880121273054561892e-01
2.090960001684814829e-03,1.000000000000000000e+00,1.960916086257999125e-01
2.091960001684814961e-03,1.000000000000000000e+00,2.040906970971850254e-01
2.092960001684815094e-03,1.000000000000000000e+00,2.120101926484568300e-01
2.093960001684815227e-03,1.000000000000000000e+00,2.198508872489697008e-01
2.094960001684815359e-03,1.000000000000000000e+00,2.276135649877859268e-01
2.095960001684815492e-03,1.000000000000000000e+00,2.352990021520865727e-01
2.096960001684815625e-03,1.000000000000000000e+00,2.429079673048021581e-01
2.097960001684815758e-03,1.000000000000000000e+00,2.504412213614708449e-01
2.098960001684815890e-03,1.000000000000000000e+00,2.578995176663319011e-01
2.099960001684816023e-03,1.000000000000000000e+00,2.652836020676619389e-01
2.100960001684816156e-03,1.000000000000000000e+00,2.725942129923618618e-01
2.101960001684816289e-03,1.000000000000000000e+00,2.798320815198011013e-01
2.102960001684816421e-03,1.000000000000000000e+00,2.869979314549274685e-01
2.103960001684816554e-03,1.000000000000000000e+00,2.940924794006495868e-01
2.104960001684816687e-03,1.000000000000000000e+00,3.011164348294988469e-01
2.105960001684816819e-03,1.000000000000000000e+00,3.080705001545785415e-01
2.106960001684816952e-03,1.000000000000000000e+00,3.149553707998066221e-01
2.107960001684817085e-03,1.000000000000000000e+00,3.217717352694604016e-01
2.108960001684817218e-03,1.000000000000000000e+00,3.285202752170280904e-01
2.109960001684817350e-03,1.000000000000000000e+00,3.352016655133760459e-01
2.110960001684817483e-03,1.000000000000000000e+00,3.418165743142380086e-01
2.111960001684817616e-03,1.000000000000000000e+00,3.483656631270317106e-01
2.112960001684817749e-03,1.000000000000000000e+00,3.548495868770114581e-01
2.113960001684817881e-03,1.000000000000000000e+00,3.612689939727626309e-01
2.114960001684818014e-03,1.000000000000000000e+00,3.676245263710436473e-01
2.115960001684818147e-03,1.000000000000000000e+00,3.739168196409835554e-01
2.116960001684818279e-03,1.000000000000000000e+00,3.801465030276405255e-01
2.117960001684818412e-03,1.000000000000000000e+00,3.863141995149277363e-01
2.118960001684818545e-03,1.000000000000000000e+00,3.924205258879135405e-01
2.119960001684818678e-03,1.000000000000000000e+00,3.984660927945015696e-01
2.120960001684818810e-03,1.000000000000000000e+00,4.044515048064966645e-01
2.121960001684818943e-03,1.000000000000000000e+00,4.103773604800638464e-01
2.122960001684819076e-03,1.000000000000000000e+00,4.162442524155856027e-01
2.123960001684819209e-03,1.000000000000000000e+00,4.220527673169230942e-01
2.124960001684819341e-03,1.000000000000000000e+00,4.278034860500879999e-01
2.125960001684819474e-03,1.000000000000000000e+00,4.334969837013308847e-01
2.126960001684819607e-03,1.000000000000000000e+00,4.391338296346510850e-01
2.127960001684819739e-03,1.000000000000000000e+00,4.447145875487342193e-01
2.128960001684819872e-03,1.000000000000000000e+00,4.502398155333240393e-01
2.129960001684820005e-03,1.000000000000000000e+00,4.557100661250323981e-01
2.130960001684820138e-03,1.000000000000000000e+00,4.611258863625943283e-01
2.131960001684820270e-03,1.000000000000000000e+00,4.664878178415735599e-01
2.132960001684820403e-03,1.000000000000000000e+00,4.717963967685231963e-01
2.133960001684820536e-03,1.000000000000000000e+00,4.770521540146075989e-01
2.134960001684820668e-03,1.000000000000000000e+00,4.822556151686910875e-01
2.135960001684820801e-03,1.000000000000000000e+00,4.874073005898981181e-01
2.136960001684820934e-03,1.000000000000000000e+00,4.925077254596504361e-01
2.137960001684821067e-03,1.000000000000000000e+00,4.975573998331863645e-01
2.138960001684821199e-03,1.000000000000000000e+00,5.025568286905677251e-01
2.139960001684821332e-03,1.000000000000000000e+00,5.075065119871791097e-01
2.140960001684821465e-03,1.000000000000000000e+00,5.124069447037246094e-01
2.141960001684821598e-03,1.000000000000000000e+00,5.172586168957274966e-01
2.142960001684821730e-03,1.000000000000000000e+00,5.220620137425362461e-01
2.143960001684821863e-03,1.000000000000000000e+00,5.268176155958445017e-01
2.144960001684821996e-03,1.000000000000000000e+00,5.315258980277267620e-01
2.145960001684822128e-03,1.000000000000000000e+00,5.361873318781972264e-01
2.146960001684822261e-03,1.000000000000000000e+00,5.408023833022949090e-01
2.147960001684822394e-03,1.000000000000000000e+00,5.453715138167000154e-01
2.148960001684822527e-03,1.000000000000000000e+00,5.498951803458871357e-01
2.149960001684822659e-03,1.000000000000000000e+00,5.543738352678186931e-01
2.150960001684822792e-03,1.000000000000000000e+00,5.588079264591837569e-01
2.151960001684822925e-03,1.000000000000000000e+00,5.631978973401868815e-01
2.152960001684823058e-03,1.000000000000000000e+00,5.675441869188916355e-01
2.153960001684823190e-03,1.000000000000000000e+00,5.718472298351217065e-01
2.154960001684823323e-03,1.000000000000000000e+00,5.761074564039264656e-01
2.155960001684823456e-03,1.000000000000000000e+00,5.803252926586137672e-01
2.156960001684823588e-03,1.000000000000000000e+00,5.845011603933539801e-01
2.157960001684823721e-03,1.000000000000000000e+00,5.886354772053604689e-01
2.158960001684823854e-03,1.000000000000000000e+00,5.927286565366504112e-01
2.159960001684823987e-03,1.000000000000000000e+00,5.967811077153902799e-01
2.160960001684824119e-03,1.000000000000000000e+00,6.007932359968292113e-01
2.161960001684824252e-03,1.000000000000000000e+00,6.047654426038259201e-01
2.162960001684824385e-03,1.000000000000000000e+00,6.086981247669720485e-01
2.163960001684824518e-03,1.000000000000000000e+00,6.125916757643157240e-01
2.164960001684824650e-03,1.000000000000000000e+00,6.164464849606907659e-01
2.165960001684824783e-03,1.000000000000000000e+00,6.202629378466539833e-01
2.166960001684824916e-03,1.000000000000000000e+00,6.240414160770356711e-01
2.167960001684825048e-03,1.000000000000000000e+00,6.277822975091050806e-01
2.168960001684825181e-03,1.000000000000000000e+00,6.314859562403578597e-01
2.169960001684825314e-03,1.000000000000000000e+00,6.351527626459264608e-01
2.170960001684825447e-03,1.000000000000000000e+00,6.387830834156186244e-01
2.171960001684825579e-03,1.000000000000000000e+00,6.423772815905874900e-01
2.172960001684825712e-03,1.000000000000000000e+00,6.459357165996364447e-01
2.173960001684825845e-03,1.000000000000000000e+00,6.494587442951624823e-01
2.174960001684825978e-03,1.000000000000000000e+00,6.529467169887429590e-01
2.175960001684826110e-03,1.000000000000000000e+00,6.563999834863676330e-01
2.176960001684826243e-03,1.000000000000000000e+00,6.598188891233193187e-01
2.177960001684826376e-03,1.000000000000000000e+00,6.632037757987090387e-01
2.178960001684826508e-03,1.000000000000000000e+00,6.665549820096671185e-01
2.179960001684826641e-03,1.000000000000000000e+00,6.698728428851928873e-01
2.180960001684826774e-03,1.000000000000000000e+00,6.731576902196686474e-01
2.181960001684826907e-03,1.000000000000000000e+00,6.764098525060401323e-01
2.182960001684827039e-03,1.000000000000000000e+00,6.796296549686666744e-01
2.183960001684827172e-03,1.000000000000000000e+00,6.828174195958439663e-01
2.184960001684827305e-03,1.000000000000000000e+00,6.859734651720049703e-01
2.185960001684827438e-03,1.000000000000000000e+00,6.890981073095970855e-01
2.186960001684827570e-03,1.000000000000000000e+00,6.921916584806461215e-01
2.187960001684827703e-03,1.000000000000000000e+00,6.952544280480028593e-01
2.188960001684827836e-03,1.000000000000000000e+00,6.982867222962814147e-01
2.189960001684827968e-03,1.000000000000000000e+00,7.012888444624877371e-01
2.190960001684828101e-03,1.000000000000000000e+00,7.042610947663436871e-01
2.191960001684828234e-03,1.000000000000000000e+00,7.072037704403106861e-01
2.192960001684828367e-03,1.000000000000000000e+00,7.101171657593128295e-01
2.193960001684828499e-03,1.000000000000000000e+00,7.130015720701654569e-01
2.194960001684828632e-03,1.000000000000000000e+00,7.158572778207110687e-01
2.195960001684828765e-03,1.000000000000000000e+00,7.186845685886641411e-01
2.196960001684828898e-03,1.000000000000000000e+00,7.214837271101700589e-01
2.197960001684829030e-03,1.000000000000000000e+00,7.242550333080788327e-01
2.198960001684829163e-03,1.000000000000000000e+00,7.269987643199389282e-01
2.199960001684829296e-03,1.000000000000000000e+00,7.297151945257108752e-01
2.200960001684829428e-03,1.000000000000000000e+00,7.324045955752063186e-01
2.201960001684829561e-03,1.000000000000000000e+00,7.350672364152540661e-01
2.202960001684829694e-03,1.000000000000000000e+00,7.377033833165947962e-01
2.203960001684829827e-03,1.000000000000000000e+00,7.403132999005093140e-01
2.204960001684829959e-03,1.000000000000000000e+00,7.428972471651807963e-01
2.205960001684830092e-03,1.000000000000000000e+00,7.454554835117960243e-01
2.206960001684830225e-03,1.000000000000000000e+00,7.479882647703850473e-01
2.207960001684830358e-03,1.000000000000000000e+00,7.504958442254060502e-01
2.208960001684830490e-03,1.000000000000000000e+00,7.529784726410737594e-01
2.209960001684830623e-03,1.000000000000000000e+00,7.554363982864363836e-01
2.210960001684830756e-03,1.000000000000000000e+00,7.578698669602030868e-01
2.211960001684830888e-03,1.000000000000000000e+00,7.602791220153255480e-01
2.212960001684831021e-03,1.000000000000000000e+00,7.626644043833322728e-01
2.213960001684831154e-03,1.000000000000000000e+00,7.650259525984235420e-01
2.214960001684831287e-03,1.000000000000000000e+00,7.673640028213248865e-01
2.215960001684831419e-03,1.000000000000000000e+00,7.696787888629040841e-01
2.216960001684831552e-03,1.000000000000000000e+00,7.719705422075521239e-01
2.217960001684831685e-03,1.000000000000000000e+00,7.742394920363327993e-01
2.218960001684831818e-03,1.000000000000000000e+00,7.764858652499018188e-01
2.219960001684831950e-03,1.000000000000000000e+00,7.787098864911964347e-01
2.220960001684832083e-03,1.000000000000000000e+00,7.809117781679009163e-01
2.221960001684832216e-03,1.000000000000000000e+00,7.830917604746879812e-01
2.222960001684832348e-03,1.000000000000000000e+00,7.852500514152384037e-01
2.223960001684832481e-03,1.000000000000000000e+00,7.873868668240422419e-01
2.224960001684832614e-03,1.000000000000000000e+00,7.895024203879823510e-01
2.225960001684832747e-03,1.000000000000000000e+00,7.915969236677040666e-01
2.226960001684832879e-03,1.000000000000000000e+00,7.936705861187716149e-01
2.227960001684833012e-03,1.000000000000000000e+00,7.957236151126145796e-01
2.228960001684833145e-03,1.000000000000000000e+00,7.977562159572652023e-01
2.229960001684833278e-03,1.000000000000000000e+00,7.997685919178895153e-01
2.230960001684833410e-03,1.000000000000000000e+00,8.017609442371146367e-01
2.231960001684833543e-03,1.000000000000000000e+00,8.037334721551534500e-01
2.232960001684833676e-03,1.000000000000000000e+00,8.056863729297293331e-01
2.233960001684833808e-03,1.000000000000000000e+00,8.076198418558017122e-01
2.234960001684833941e-03,1.000000000000000000e+00,8.095340722850972170e-01
2.235960001684834074e-03,1.000000000000000000e+00,8.114292556454445471e-01
2.236960001684834207e-03,1.000000000000000000e+00,8.133055814599177147e-01
2.237960001684834339e-03,1.000000000000000000e+00,8.151632373657892172e-01
2.238960001684834472e-03,1.000000000000000000e+00,8.170024091332938054e-01
2.239960001684834605e-03,1.000000000000000000e+00,8.188232806842064004e-01
2.240960001684834738e-03,1.000000000000000000e+00,8.206260341102342704e-01
2.241960001684834870e-03,1.000000000000000000e+00,8.224108496912270194e-01
2.242960001684835003e-03,1.000000000000000000e+00,8.241779059132050556e-01
2.243960001684835136e-03,1.000000000000000000e+00,8.259273794862079798e-01
2.244960001684835268e-03,1.000000000000000000e+00,8.276594453619670055e-01
2.245960001684835401e-03,1.000000000000000000e+00,8.293742767514000747e-01
2.246960001684835534e-03,1.000000000000000000e+00,8.310720451419335575e-01
2.247960001684835667e-03,1.000000000000000000e+00,8.327529203146508685e-01
2.248960001684835799e-03,1.000000000000000000e+00,8.344170703612714401e-01
2.249960001684835932e-03,1.000000000000000000e+00,8.360646617009603876e-01
2.250960001684836065e-03,1.000000000000000000e+00,8.376958590969707519e-01
2.251960001684836198e-03,1.000000000000000000e+00,8.393108256731204309e-01
2.252960001684836330e-03,1.000000000000000000e+00,8.409097229301042420e-01
2.253960001684836463e-03,1.000000000000000000e+00,8.424927107616452249e-01
2.254960001684836596e-03,1.000000000000000000e+00,8.440599474704846283e-01
2.255960001684836728e-03,1.000000000000000000e+00,8.456115897842112483e-01
2.256960001684836861e-03,1.000000000000000000e+00,8.471477928709356675e-01
2.257960001684836994e-03,1.000000000000000000e+00,8.486687103548071764e-01
2.258960001684837127e-03,1.000000000000000000e+00,8.501744943313763736e-01
2.259960001684837259e-03,1.000000000000000000e+00,8.516652953828055539e-01
2.260960001684837392e-03,1.000000000000000000e+00,8.531412625929268856e-01
2.261960001684837525e-03,1.000000000000000000e+00,8.546025435621513733e-01
2.262960001684837658e-03,1.000000000000000000e+00,8.560492844222297171e-01
2.263960001684837790e-03,1.000000000000000000e+00,8.574816298508644019e-01
2.264960001684837923e-03,1.000000000000000000e+00,8.588997230861793453e-01
2.265960001684838056e-03,1.000000000000000000e+00,8.603037059410432175e-01
2.266960001684838188e-03,1.000000000000000000e+00,8.616937188172517637e-01
2.267960001684838321e-03,1.000000000000000000e+00,8.630699007195676842e-01
2.268960001684838454e-03,1.000000000000000000e+00,8.644323892696219591e-01
2.269960001684838587e-03,1.000000000000000000e+00,8.657813207196756178e-01
2.270960001684838719e-03,1.000000000000000000e+00,8.671168299662460610e-01
2.271960001684838852e-03,1.000000000000000000e+00,8.684390505635969371e-01
2.272960001684838985e-03,1.000000000000000000e+00,8.697481147370933474e-01
2.273960001684839118e-03,1.000000000000000000e+00,8.710441533964257133e-01
2.274960001684839250e-03,1.000000000000000000e+00,8.723272961487001931e-01
2.275960001684839383e-03,1.000000000000000000e+00,8.735976713113998704e-01
2.276960001684839516e-03,1.000000000000000000e+00,8.748554059252169335e-01
2.277960001684839648e-03,1.000000000000000000e+00,8.761006257667572905e-01
2.278960001684839781e-03,1.000000000000000000e+00,8.773334553611180642e-01
2.279960001684839914e-03,1.000000000000000000e+00,8.785540179943407413e-01
2.280960001684840047e-03,1.000000000000000000e+00,8.797624357257404215e-01
2.281960001684840179e-03,1.000000000000000000e+00,8.809588294001110542e-01
2.282960001684840312e-03,1.000000000000000000e+00,8.821433186598114373e-01
2.283960001684840445e-03,1.000000000000000000e+00,8.833160219567288696e-01
2.284960001684840578e-03,1.000000000000000000e+00,8.844770565641246751e-01
2.285960001684840710e-03,1.000000000000000000e+00,8.856265385883621555e-01
2.286960001684840843e-03,1.000000000000000000e+00,8.867645829805179680e-01
2.287960001684840976e-03,1.000000000000000000e+00,8.878913035478762650e-01
2.288960001684841108e-03,1.000000000000000000e+00,8.890068129653104778e-01
2.289960001684841241e-03,1.000000000000000000e+00,8.901112227865513038e-01
2.290960001684841374e-03,1.000000000000000000e+00,8.912046434553417829e-01
2.291960001684841507e-03,1.000000000000000000e+00,8.922871843164825734e-01
2.292960001684841639e-03,1.000000000000000000e+00,8.933589536267662057e-01
2.293960001684841772e-03,1.000000000000000000e+00,8.944200585658033109e-01
2.294960001684841905e-03,1.000000000000000000e+00,8.954706052467406030e-01
2.295960001684842038e-03,1.000000000000000000e+00,8.965106987268725014e-01
2.296960001684842170e-03,1.000000000000000000e+00,8.975404430181473936e-01
2.297960001684842303e-03,1.000000000000000000e+00,8.985599410975689816e-01
2.298960001684842436e-03,1.000000000000000000e+00,8.995692949174940445e-01
2.299960001684842568e-03,1.000000000000000000e+00,9.005686054158276166e-01
2.300960001684842701e-03,1.000000000000000000e+00,9.015579725261182453e-01
2.301960001684842834e-03,1.000000000000000000e+00,9.025374951875501095e-01
2.302960001684842967e-03,1.000000000000000000e+00,9.035072713548381040e-01
2.303960001684843099e-03,1.000000000000000000e+00,9.044673980080238929e-01
2.304960001684843232e-03,1.000000000000000000e+00,9.054179711621730409e-01
2.305960001684843365e-03,1.000000000000000000e+00,9.063590858769773329e-01
2.306960001684843498e-03,1.000000000000000000e+00,9.072908362662612802e-01
2.307960001684843630e-03,1.000000000000000000e+00,9.082133155073931485e-01
2.308960001684843763e-03,1.000000000000000000e+00,9.091266158506032813e-01
2.309960001684843896e-03,1.000000000000000000e+00,9.100308286282091652e-01
2.310960001684844028e-03,1.000000000000000000e+00,9.109260442637494570e-01
2.311960001684844161e-03,1.000000000000000000e+00,9.118123522810255288e-01
2.312960001684844294e-03,1.000000000000000000e+00,9.126898413130551946e-01
2.313960001684844427e-03,1.000000000000000000e+00,9.135585991109353987e-01
2.314960001684844559e-03,1.000000000000000000e+00,9.144187125526178628e-01
2.315960001684844692e-03,1.000000000000000000e+00,9.152702676515969138e-01
2.316960001684844825e-03,1.000000000000000000e+00,9.161133495655114922e-01
2.317960001684844958e-03,1.000000000000000000e+00,9.169480426046606736e-01
2.318960001684845090e-03,1.000000000000000000e+00,9.177744302404352572e-01
2.319960001684845223e-03,1.000000000000000000e+00,9.185925951136650891e-01
2.320960001684845356e-03,1.000000000000000000e+00,9.194026190428827849e-01
2.321960001684845488e-03,1.000000000000000000e+00,9.202045830325061848e-01
2.322960001684845621e-03,1.000000000000000000e+00,9.209985672809390955e-01
2.323960001684845754e-03,1.000000000000000000e+00,9.217846511885916527e-01
2.324960001684845887e-03,1.000000000000000000e+00,9.225629133658196368e-01
2.325960001684846019e-03,1.000000000000000000e+00,9.233334316407868503e-01
2.326960001684846152e-03,1.000000000000000000e+00,9.240962830672468931e-01
2.327960001684846285e-03,1.000000000000000000e+00,9.248515439322496645e-01
2.328960001684846418e-03,1.000000000000000000e+00,9.255992897637697059e-01
2.329960001684846550e-03,1.000000000000000000e+00,9.263395953382596026e-01
2.330960001684846683e-03,1.000000000000000000e+00,9.270725346881277806e-01
2.331960001684846816e-03,1.000000000000000000e+00,9.277981811091415842e-01
2.332960001684846948e-03,1.000000000000000000e+00,9.285166071677571908e-01
2.333960001684847081e-03,1.000000000000000000e+00,9.292278847083768056e-01
2.334960001684847214e-03,1.000000000000000000e+00,9.299320848605323597e-01
2.335960001684847347e-03,1.000000000000000000e+00,9.306292780459998193e-01
2.336960001684847479e-03,1.000000000000000000e+00,9.313195339858406641e-01
2.337960001684847612e-03,1.000000000000000000e+00,9.320029217073746430e-01
2.338960001684847745e-03,1.000000000000000000e+00,9.326795095510825861e-01
2.339960001684847878e-03,1.000000000000000000e+00,9.333493651774401600e-01
2.340960001684848010e-03,1.000000000000000000e+00,9.340125555736845664e-01
2.341960001684848143e-03,1.000000000000000000e+00,9.346691470605135166e-01
2.342960001684848276e-03,1.000000000000000000e+00,9.353192052987172600e-01
2.343960001684848408e-03,1.000000000000000000e+00,9.359627952957449981e-01
2.344960001684848541e-03,1.000000000000000000e+00,9.365999814122054623e-01
2.345960001684848674e-03,1.000000000000000000e+00,9.372308273683032098e-01
2.346960001684848807e-03,1.000000000000000000e+00,9.378553962502106378e-01
2.347960001684848939e-03,1.000000000000000000e+00,9.384737505163779359e-01
2.348960001684849072e-03,1.000000000000000000e+00,9.390859520037774244e-01
2.349960001684849205e-03,1.000000000000000000e+00,9.396920619340882741e-01
2.350960001684849338e-03,1.000000000000000000e+00,9.402921409198188307e-01
2.351960001684849470e-03,1.000000000000000000e+00,9.408862489703679888e-01
2.352960001684849603e-03,1.000000000000000000e+00,9.414744454980260580e-01
2.353960001684849736e-03,1.000000000000000000e+00,9.420567893239164547e-01
2.354960001684849868e-03,1.000000000000000000e+00,9.426333386838777750e-01
2.355960001684850001e-03,1.000000000000000000e+00,9.432041512342872469e-01
2.356960001684850134e-03,1.000000000000000000e+00,9.437692840578270070e-01
2.357960001684850267e-03,1.000000000000000000e+00,9.443287936691919793e-01
2.358960001684850399e-03,1.000000000000000000e+00,9.448827360207423531e-01
2.359960001684850532e-03,1.000000000000000000e+00,9.454311665080982197e-01
2.360960001684850665e-03,1.000000000000000000e+00,9.459741399756794733e-01
2.361960001684850798e-03,1.000000000000000000e+00,9.465117107221902026e-01
2.362960001684850930e-03,1.000000000000000000e+00,9.470439325060490132e-01
2.363960001684851063e-03,1.000000000000000000e+00,9.475708585507650605e-01
2.364960001684851196e-03,1.000000000000000000e+00,9.480925415502600151e-01
2.365960001684851328e-03,1.000000000000000000e+00,9.486090336741382911e-01
2.366960001684851461e-03,1.000000000000000000e+00,9.491203865729033184e-01
2.367960001684851594e-03,1.000000000000000000e+00,9.496266513831232992e-01
2.368960001684851727e-03,1.000000000000000000e+00,9.501278787325451169e-01
2.369960001684851859e-03,1.000000000000000000e+00,9.506241187451568431e-01
2.370960001684851992e-03,1.000000000000000000e+00,9.511154210462002823e-01
2.371960001684852125e-03,1.000000000000000000e+00,9.516018347671338917e-01
2.372960001684852258e-03,1.000000000000000000e+00,9.520834085505458511e-01
2.373960001684852390e-03,1.000000000000000000e+00,9.525601905550179493e-01
2.374960001684852523e-03,1.000000000000000000e+00,9.530322284599428428e-01
2.375960001684852656e-03,1.000000000000000000e+00,9.534995694702914637e-01
2.376960001684852788e-03,1.000000000000000000e+00,9.539622603213335772e-01
2.377960001684852921e-03,1.000000000000000000e+00,9.544203472833104884e-01
2.378960001684853054e-03,1.000000000000000000e+00,9.548738761660636731e-01
2.379960001684853187e-03,1.000000000000000000e+00,9.553228923236152248e-01
2.380960001684853319e-03,1.000000000000000000e+00,9.557674406587037819e-01
2.381960001684853452e-03,1.000000000000000000e+00,9.562075656272739366e-01
2.382960001684853585e-03,1.000000000000000000e+00,9.566433112429230112e-01
2.383960001684853718e-03,1.000000000000000000e+00,9.570747210813020933e-01
2.384960001684853850e-03,1.000000000000000000e+00,9.575018382844733278e-01
2.385960001684853983e-03,1.000000000000000000e+00,9.579247055652250209e-01
2.386960001684854116e-03,1.000000000000000000e+00,9.583433652113423351e-01
2.387960001684854248e-03,1.000000000000000000e+00,9.587578590898364617e-01
2.388960001684854381e-03,1.000000000000000000e+00,9.591682286511317157e-01
2.389960001684854514e-03,1.000000000000000000e+00,9.595745149332102208e-01
2.390960001684854647e-03,1.000000000000000000e+00,9.599767585657156266e-01
2.391960001684854779e-03,1.000000000000000000e+00,9.603749997740169686e-01
2.392960001684854912e-03,1.000000000000000000e+00,9.607692783832307848e-01
2.393960001684855045e-03,1.000000000000000000e+00,9.611596338222035962e-01
2.394960001684855178e-03,1.000000000000000000e+00,9.615461051274554194e-01
2.395960001684855310e-03,1.000000000000000000e+00,9.619287309470828662e-01
2.396960001684855443e-03,1.000000000000000000e+00,9.623075495446244965e-01
2.397960001684855576e-03,1.000000000000000000e+00,9.626825988028869796e-01
2.398960001684855708e-03,1.000000000000000000e+00,9.630539162277338416e-01
2.399960001684855841e-03,1.000000000000000000e+00,9.634215389518361317e-01
2.400960001684855974e-03,1.000000000000000000e+00,9.637855037383851187e-01
2.401960001684856107e-03,1.000000000000000000e+00,9.641458469847693502e-01
2.402960001684856239e-03,1.000000000000000000e+00,9.645026047262145186e-01
2.403960001684856372e-03,1.000000000000000000e+00,9.648558126393866896e-01
2.404960001684856505e-03,1.000000000000000000e+00,9.652055060459601155e-01
2.405960001684856638e-03,1.000000000000000000e+00,9.655517199161494091e-01
2.406960001684856770e-03,1.000000000000000000e+00,9.658944888722076350e-01
2.407960001684856903e-03,1.000000000000000000e+00,9.662338471918873184e-01
2.408960001684857036e-03,1.000000000000000000e+00,9.665698288118685921e-01
2.409960001684857168e-03,1.000000000000000000e+00,9.669024673311535922e-01
2.410960001684857301e-03,1.000000000000000000e+00,9.672317960144257709e-01
2.411960001684857434e-03,1.000000000000000000e+00,9.675578477953765688e-01
2.412960001684857567e-03,1.000000000000000000e+00,9.678806552799996687e-01
2.413960001684857699e-03,1.000000000000000000e+00,9.682002507498507216e-01
2.414960001684857832e-03,1.000000000000000000e+00,9.685166661652752085e-01
2.415960001684857965e-03,1.000000000000000000e+00,9.688299331686059945e-01
2.416960001684858098e-03,1.000000000000000000e+00,9.691400830873263539e-01
2.417960001684858230e-03,1.000000000000000000e+00,9.694471469372037964e-01
2.418960001684858363e-03,1.000000000000000000e+00,9.697511554253909205e-01
2.419960001684858496e-03,1.000000000000000000e+00,9.700521389534965122e-01
2.420960001684858628e-03,1.000000000000000000e+00,9.703501276206260018e-01
2.421960001684858761e-03,1.000000000000000000e+00,9.706451512263910564e-01
2.422960001684858894e-03,1.000000000000000000e+00,9.709372392738897517e-01
2.423960001684859027e-03,1.000000000000000000e+00,9.712264209726573227e-01
2.424960001684859159e-03,1.000000000000000000e+00,9.715127252415862724e-01
2.425960001684859292e-03,1.000000000000000000e+00,9.717961807118192796e-01
2.426960001684859425e-03,1.000000000000000000e+00,9.720768157296123535e-01
2.427960001684859558e-03,1.000000000000000000e+00,9.723546583591688997e-01
2.428960001684859690e-03,1.000000000000000000e+00,9.726297363854460309e-01
2.429960001684859823e-03,1.000000000000000000e+00,9.729020773169341219e-01
2.430960001684859956e-03,1.000000000000000000e+00,9.731717083884076080e-01
2.431960001684860088e-03,1.000000000000000000e+00,9.734386565636474753e-01
2.432960001684860221e-03,1.000000000000000000e+00,9.737029485381386573e-01
2.433960001684860354e-03,1.000000000000000000e+00,9.739646107417391230e-01
2.434960001684860487e-03,1.000000000000000000e+00,9.742236693413238724e-01
2.435960001684860619e-03,1.000000000000000000e+00,9.744801502434002893e-01
2.436960001684860752e-03,1.000000000000000000e+00,9.747340790966998458e-01
2.437960001684860885e-03,1.000000000000000000e+00,9.749854812947429394e-01
2.438960001684861018e-03,1.000000000000000000e+00,9.752343819783775292e-01
2.439960001684861150e-03,1.000000000000000000e+00,9.754808060382943458e-01
2.440960001684861283e-03,1.000000000000000000e+00,9.757247781175153456e-01
2.441960001684861416e-03,1.000000000000000000e+00,9.759663226138585168e-01
2.442960001684861548e-03,1.000000000000000000e+00,9.762054636823774834e-01
2.443960001684861681e-03,1.000000000000000000e+00,9.764422252377769063e-01
2.444960001684861814e-03,1.000000000000000000e+00,9.766766309568039039e-01
2.445960001684861947e-03,1.000000000000000000e+00,9.769087042806168242e-01
2.446960001684862079e-03,1.000000000000000000e+00,9.771384684171282586e-01
2.447960001684862212e-03,1.000000000000000000e+00,9.773659463433259642e-01
2.448960001684862345e-03,1.000000000000000000e+00,9.775911608075714687e-01
2.449960001684862478e-03,1.000000000000000000e+00,9.778141343318743628e-01
2.450960001684862610e-03,1.000000000000000000e+00,9.780348892141442763e-01
2.451960001684862743e-03,1.000000000000000000e+00,9.782534475304215382e-01
2.452960001684862876e-03,1.000000000000000000e+00,9.784698311370843005e-01
2.453960001684863008e-03,1.000000000000000000e+00,9.786840616730336784e-01
2.454960001684863141e-03,1.000000000000000000e+00,9.788961605618590189e-01
2.455960001684863274e-03,1.000000000000000000e+00,9.791061490139799650e-01
2.456960001684863407e-03,1.000000000000000000e+00,9.793140480287664262e-01
2.457960001684863539e-03,1.000000000000000000e+00,9.795198783966393430e-01
2.458960001684863672e-03,1.000000000000000000e+00,9.797236607011503562e-01
2.459960001684863805e-03,1.000000000000000000e+00,9.799254153210394946e-01
2.460960001684863938e-03,1.000000000000000000e+00,9.801251624322727674e-01
2.461960001684864070e-03,1.000000000000000000e+00,9.803229220100609931e-01
2.462960001684864203e-03,1.000000000000000000e+00,9.805187138308564254e-01
2.463960001684864336e-03,1.000000000000000000e+00,9.807125574743303931e-01
2.464960001684864468e-03,1.000000000000000000e+00,9.809044723253320663e-01
2.465960001684864601e-03,1.000000000000000000e+00,9.810944775758263514e-01
2.466960001684864734e-03,1.000000000000000000e+00,9.812825922268132439e-01
2.467960001684864867e-03,1.000000000000000000e+00,9.814688350902280867e-01
2.468960001684864999e-03,1.000000000000000000e+00,9.816532247908228426e-01
2.469960001684865132e-03,1.000000000000000000e+00,9.818357797680287158e-01
2.470960001684865265e-03,1.000000000000000000e+00,9.820165182777996771e-01
2.471960001684865398e-03,1.000000000000000000e+00,9.821954583944385586e-01
2.472960001684865530e-03,1.000000000000000000e+00,9.823726180124044971e-01
2.473960001684865663e-03,1.000000000000000000e+00,9.825480148481019471e-01
2.474960001684865796e-03,1.000000000000000000e+00,9.827216664416532632e-01
2.475960001684865928e-03,1.000000000000000000e+00,9.828935901586516311e-01
2.476960001684866061e-03,1.000000000000000000e+00,9.830638031918988995e-01
2.477960001684866194e-03,1.000000000000000000e+00,9.832323225631237618e-01
2.478960001684866327e-03,1.000000000000000000e+00,9.833991651246848376e-01
2.479960001684866459e-03,1.000000000000000000e+00,9.835643475612552145e-01
2.480960001684866592e-03,1.000000000000000000e+00,9.837278863914916682e-01
2.481960001684866725e-03,1.000000000000000000e+00,9.838897979696858975e-01
2.482960001684866858e-03,1.000000000000000000e+00,9.840500984874005486e-01
2.483960001684866990e-03,1.000000000000000000e+00,9.842088039750881423e-01
2.484960001684867123e-03,1.000000000000000000e+00,9.843659303036942365e-01
2.485960001684867256e-03,1.000000000000000000e+00,9.845214931862446006e-01
2.486960001684867388e-03,1.000000000000000000e+00,9.846755081794164033e-01
2.487960001684867521e-03,1.000000000000000000e+00,9.848279906850941900e-01
2.488960001684867654e-03,1.000000000000000000e+00,9.849789559519092075e-01
2.489960001684867787e-03,1.000000000000000000e+00,9.851284190767658488e-01
2.490960001684867919e-03,1.000000000000000000e+00,9.852763950063503362e-01
2.491960001684868052e-03,1.000000000000000000e+00,9.854228985386256356e-01
2.492960001684868185e-03,1.000000000000000000e+00,9.855679443243110516e-01
2.493960001684868318e-03,1.000000000000000000e+00,9.857115468683479431e-01
2.494960001684868450e-03,1.000000000000000000e+00,9.858537205313496754e-01
2.495960001684868583e-03,1.000000000000000000e+00,9.859944795310379151e-01
2.496960001684868716e-03,1.000000000000000000e+00,9.861338379436643820e-01
2.497960001684868848e-03,1.000000000000000000e+00,9.862718097054189448e-01
2.498960001684868981e-03,1.000000000000000000e+00,9.864084086138229512e-01
2.499960001684869114e-03,1.000000000000000000e+00,9.865436483291083469e-01
2.500960001684869247e-03,1.000000000000000000e+00,9.866775423755850261e-01
2.501000000000000185e-03,9.999999999997831734e-01,9.866828700686749443e-01
2.501079996630262061e-03,8.400067394760306616e-01,9.865656278965895254e-01
2.501239989890785814e-03,5.200202184285256379e-01,9.860755571583650347e-01
2.501559976411833319e-03,-1.199528236664844094e-01,9.835643469244189641e-01
2.501999999999999884e-03,-9.999999999996149747e-01,9.767873137651602589e-01
2.502063997304209385e-03,-1.000000000000000000e+00,9.755230322804629983e-01
2.502191991912628387e-03,-1.000000000000000000e+00,9.729960864882546412e-01
2.502447981129466391e-03,-1.000000000000000000e+00,9.679518855634309249e-01
2.502959959563142399e-03,-1.000000000000000000e+00,9.579021226336439376e-01
2.503959959563142532e-03,-1.000000000000000000e+00,9.384205094731105090e-01
2.504959959563142664e-03,-1.000000000000000000e+00,9.191327432096965122e-01
2.505959959563142797e-03,-1.000000000000000000e+00,9.000368950185552164e-01
2.506959959563142930e-03,-1.000000000000000000e+00,8.811310552671267615e-01
2.507959959563143063e-03,-1.000000000000000000e+00,8.624133333241702504e-01
2.508959959563143195e-03,-1.000000000000000000e+00,8.438818573706960979e-01
2.509959959563143328e-03,-1.000000000000000000e+00,8.255347742127787658e-01
2.510959959563143461e-03,-1.000000000000000000e+00,8.073702490962337830e-01
2.511959959563143593e-03,-1.000000000000000000e+00,7.893864655231368488e-01
2.512959959563143726e-03,-1.000000000000000000e+00,7.715816250701703627e-01
2.513959959563143859e-03,-1.000000000000000000e+00,7.539539472087757321e-01
2.514959959563143992e-03,-1.000000000000000000e+00,7.365016691270964699e-01
2.515959959563144124e-03,-1.000000000000000000e+00,7.192230455536923195e-01
2.516959959563144257e-03,-1.000000000000000000e+00,7.021163485830088646e-01
2.517959959563144390e-03,-1.000000000000000000e+00,6.851798675025809748e-01
2.518959959563144523e-03,-1.000000000000000000e+00,6.684119086219582062e-01
2.519959959563144655e-03,-1.000000000000000000e+00,6.518107951033316194e-01
2.520959959563144788e-03,-1.000000000000000000e+00,6.353748667938455830e-01
2.521959959563144921e-03,-1.000000000000000000e+00,6.191024800595785749e-01
2.522959959563145053e-03,-1.000000000000000000e+00,6.029920076211749969e-01
2.523959959563145186e-03,-1.000000000000000000e+00,5.870418383911136795e-01
2.524959959563145319e-03,-1.000000000000000000e+00,5.712503773125952033e-01
2.525959959563145452e-03,-1.000000000000000000e+00,5.556160452000319383e-01
2.526959959563145584e-03,-1.000000000000000000e+00,5.401372785811261457e-01
2.527959959563145717e-03,-1.000000000000000000e+00,5.248125295405180468e-01
2.528959959563145850e-03,-1.000000000000000000e+00,5.096402655649905356e-01
2.529959959563145983e-03,-1.000000000000000000e+00,4.946189693902146023e-01
2.530959959563146115e-03,-1.000000000000000000e+00,4.797471388490184840e-01
2.531959959563146248e-03,-1.000000000000000000e+00,4.650232867211676613e-01
2.532959959563146381e-03,-1.000000000000000000e+00,4.504459405846387154e-01
2.533959959563146513e-03,-1.000000000000000000e+00,4.360136426683736133e-01
2.534959959563146646e-03,-1.000000000000000000e+00,4.217249497064992636e-01
2.535959959563146779e-03,-1.000000000000000000e+00,4.075784327939966922e-01
2.536959959563146912e-03,-1.000000000000000000e+00,3.935726772438075671e-01
2.537959959563147044e-03,-1.000000000000000000e+00,3.797062824453615870e-01
2.538959959563147177e-03,-1.000000000000000000e+00,3.659778617245122434e-01
2.539959959563147310e-03,-1.000000000000000000e+00,3.523860422048654129e-01
2.540959959563147443e-03,-1.000000000000000000e+00,3.389294646704887892e-01
2.541959959563147575e-03,-1.000000000000000000e+00,3.256067834299865016e-01
2.542959959563147708e-03,-1.000000000000000000e+00,3.124166661819268720e-01
2.543959959563147841e-03,-1.000000000000000000e+00,2.993577938816091577e-01
2.544959959563147973e-03,-1.000000000000000000e+00,2.864288606091552891e-01
2.545959959563148106e-03,-1.000000000000000000e+00,2.736285734389149460e-01
2.546959959563148239e-03,-1.000000000000000000e+00,2.609556523101695391e-01
2.547959959563148372e-03,-1.000000000000000000e+00,2.484088298991230792e-01
2.548959959563148504e-03,-1.000000000000000000e+00,2.359868514921666660e-01
2.549959959563148637e-03,-1.000000000000000000e+00,2.236884748604038298e-01
2.550959959563148770e-03,-1.000000000000000000e+00,2.115124701354247350e-01
2.551959959563148903e-03,-1.000000000000000000e+00,1.994576196863160622e-01
2.552959959563149035e-03,-1.000000000000000000e+00,1.875227179978950220e-01
2.553959959563149168e-03,-1.000000000000000000e+00,1.757065715501547332e-01
2.554959959563149301e-03,-1.000000000000000000e+00,1.640079986989093908e-01
2.555959959563149433e-03,-1.000000000000000000e+00,1.524258295576267630e-01
2.556959959563149566e-03,-1.000000000000000000e+00,1.409589058804364414e-01
2.557959959563149699e-03,-1.000000000000000000e+00,1.296060809463027430e-01
2.558959959563149832e-03,-1.000000000000000000e+00,1.183662194443494964e-01
2.559959959563149964e-03,-1.000000000000000000e+00,1.072381973603260957e-01
2.560959959563150097e-03,-1.000000000000000000e+00,9.622090186420344249e-02
2.561959959563150230e-03,-1.000000000000000000e+00,8.531323119888799267e-02
2.562959959563150363e-03,-1.000000000000000000e+00,7.451409457004334880e-02
2.563959959563150495e-03,-1.000000000000000000e+00,6.382241203700808607e-02
2.564959959563150628e-03,-1.000000000000000000e+00,5.323711440479905049e-02
2.565959959563150761e-03,-1.000000000000000000e+00,4.275714311718911698e-02
2.566959959563150893e-03,-1.000000000000000000e+00,3.238145015084892969e-02
2.567959959563151026e-03,-1.000000000000000000e+00,2.210899791054197344e-02
2.568959959563151159e-03,-1.000000000000000000e+00,1.193875912536245323e-02
2.569959959563151292e-03,-1.000000000000000000e+00,1.869716746005616438e-03
2.570959959563151424e-03,-1.000000000000000000e+00,-8.099136156939712797e-03
2.571959959563151557e-03,-1.000000000000000000e+00,-1.796879649368658335e-02
2.572959959563151690e-03,-1.000000000000000000e+00,-2.774025125494343491e-02
2.573959959563151823e-03,-1.000000000000000000e+00,-3.741447761061564292e-02
2.574959959563151955e-03,-1.000000000000000000e+00,-4.699244300752494774e-02
2.575959959563152088e-03,-1.000000000000000000e+00,-5.647510526615652504e-02
2.576959959563152221e-03,-1.000000000000000000e+00,-6.586341267644350850e-02
2.577959959563152353e-03,-1.000000000000000000e+00,-7.515830409259828537e-02
2.578959959563152486e-03,-1.000000000000000000e+00,-8.436070902700029683e-02
2.579959959563152619e-03,-1.000000000000000000e+00,-9.347154774314957171e-02
2.580959959563152752e-03,-1.000000000000000000e+00,-1.024917313476953751e-01
2.581959959563152884e-03,-1.000000000000000000e+00,-1.114221618815491449e-01
2.582959959563153017e-03,-1.000000000000000000e+00,-1.202637324100909455e-01
2.583959959563153150e-03,-1.000000000000000000e+00,-1.290173271124781251e-01
2.584959959563153283e-03,-1.000000000000000000e+00,-1.376838213700654068e-01
2.585959959563153415e-03,-1.000000000000000000e+00,-1.462640818539453491e-01
2.586959959563153548e-03,-1.000000000000000000e+00,-1.547589666116175322e-01
2.587959959563153681e-03,-1.000000000000000000e+00,-1.631693251527955024e-01
2.588959959563153813e-03,-1.000000000000000000e+00,-1.714959985343597892e-01
2.589959959563153946e-03,-1.000000000000000000e+00,-1.797398194444657371e-01
2.590959959563154079e-03,-1.000000000000000000e+00,-1.879016122858143678e-01
2.591959959563154212e-03,-1.000000000000000000e+00,-1.959821932580948223e-01
2.592959959563154344e-03,-1.000000000000000000e+00,-2.039823704396063198e-01
2.593959959563154477e-03,-1.000000000000000000e+00,-2.119029438680679611e-01
2.594959959563154610e-03,-1.000000000000000000e+00,-2.197447056206245086e-01
2.595959959563154743e-03,-1.000000000000000000e+00,-2.275084398930561080e-01
2.596959959563154875e-03,-1.000000000000000000e+00,-2.351949230781998634e-01
2.597959959563155008e-03,-1.000000000000000000e+00,-2.428049238435909252e-01
2.598959959563155141e-03,-1.000000000000000000e+00,-2.503392032083313068e-01
2.599959959563155273e-03,-1.000000000000000000e+00,-2.577985146191936749e-01
2.600959959563155406e-03,-1.000000000000000000e+00,-2.651836040259679117e-01
2.601959959563155539e-03,-1.000000000000000000e+00,-2.724952099560578045e-01
2.602959959563155672e-03,-1.000000000000000000e+00,-2.797340635883358573e-01
2.603959959563155804e-03,-1.000000000000000000e+00,-2.869008888262629120e-01
2.604959959563155937e-03,-1.000000000000000000e+00,-2.939964023702802409e-01
2.605959959563156070e-03,-1.000000000000000000e+00,-3.010213137894814373e-01
2.606959959563156203e-03,-1.000000000000000000e+00,-3.079763255925711540e-01
2.607959959563156335e-03,-1.000000000000000000e+00,-3.148621332981177412e-01
2.608959959563156468e-03,-1.000000000000000000e+00,-3.216794255041067196e-01
2.609959959563156601e-03,-1.000000000000000000e+00,-3.284288839568023644e-01
2.610959959563156733e-03,-1.000000000000000000e+00,-3.351111836189237803e-01
2.611959959563156866e-03,-1.000000000000000000e+00,-3.417269927371434646e-01
2.612959959563156999e-03,-1.000000000000000000e+00,-3.482769729089131849e-01
2.613959959563157132e-03,-1.000000000000000000e+00,-3.547617791486254446e-01
2.614959959563157264e-03,-1.000000000000000000e+00,-3.611820599531168074e-01
2.615959959563157397e-03,-1.000000000000000000e+00,-3.675384573665186894e-01
2.616959959563157530e-03,-1.000000000000000000e+00,-3.738316070444638317e-01
2.617959959563157663e-03,-1.000000000000000000e+00,-3.800621383176532864e-01
2.618959959563157795e-03,-1.000000000000000000e+00,-3.862306742547911287e-01
2.619959959563157928e-03,-1.000000000000000000e+00,-3.923378317248926717e-01
2.620959959563158061e-03,-1.000000000000000000e+00,-3.983842214589733421e-01
2.621959959563158193e-03,-1.000000000000000000e+00,-4.043704481111229376e-01
2.622959959563158326e-03,-1.000000000000000000e+00,-4.102971103189725355e-01
2.623959959563158459e-03,-1.000000000000000000e+00,-4.161648007635599389e-01
2.624959959563158592e-03,-1.000000000000000000e+00,-4.219741062285992106e-01
2.625959959563158724e-03,-1.000000000000000000e+00,-4.277256076591604006e-01
2.626959959563158857e-03,-1.000000000000000000e+00,-4.334198802197657963e-01
2.627959959563158990e-03,-1.000000000000000000e+00,-4.390574933519074685e-01
2.628959959563159123e-03,-1.000000000000000000e+00,-4.446390108309929978e-01
2.629959959563159255e-03,-1.000000000000000000e+00,-4.501649908227244867e-01
2.630959959563159388e-03,-1.000000000000000000e+00,-4.556359859389162992e-01
2.631959959563159521e-03,-1.000000000000000000e+00,-4.610525432927579104e-01
2.632959959563159653e-03,-1.000000000000000000e+00,-4.664152045535265301e-01
2.633959959563159786e-03,-1.000000000000000000e+00,-4.717245060007551616e-01
2.634959959563159919e-03,-1.000000000000000000e+00,-4.769809785778620914e-01
2.635959959563160052e-03,-1.000000000000000000e+00,-4.821851479452465838e-01
2.636959959563160184e-03,-1.000000000000000000e+00,-4.873375345328561092e-01
2.637959959563160317e-03,-1.000000000000000000e+00,-4.924386535922307129e-01
2.638959959563160450e-03,-1.000000000000000000e+00,-4.974890152480294092e-01
2.639959959563160583e-03,-1.000000000000000000e+00,-5.024891245490440417e-01
2.640959959563160715e-03,-1.000000000000000000e+00,-5.074394815187054375e-01
2.641959959563160848e-03,-1.000000000000000000e+00,-5.123405812050865205e-01
2.642959959563160981e-03,-1.000000000000000000e+00,-5.171929137304089874e-01
2.643959959563161113e-03,-1.000000000000000000e+00,-5.219969643400567128e-01
2.644959959563161246e-03,-1.000000000000000000e+00,-5.267532134511009323e-01
2.645959959563161379e-03,-1.000000000000000000e+00,-5.314621367003438124e-01
2.646959959563161512e-03,-1.000000000000000000e+00,-5.361242049918828467e-01
2.647959959563161644e-03,-1.000000000000000000e+00,-5.407398845442025204e-01
2.648959959563161777e-03,-1.000000000000000000e+00,-5.453096369367974594e-01
2.649959959563161910e-03,-1.000000000000000000e+00,-5.498339191563318407e-01
2.650959959563162043e-03,-1.000000000000000000e+00,-5.543131836423385028e-01
2.651959959563162175e-03,-1.000000000000000000e+00,-5.587478783324645315e-01
2.652959959563162308e-03,-1.000000000000000000e+00,-5.631384467072659827e-01
2.653959959563162441e-03,-1.000000000000000000e+00,-5.674853278345569629e-01
2.654959959563162573e-03,-1.000000000000000000e+00,-5.717889564133177283e-01
2.655959959563162706e-03,-1.000000000000000000e+00,-5.760497628171653561e-01
2.656959959563162839e-03,-1.000000000000000000e+00,-5.802681731373926510e-01
2.657959959563162972e-03,-1.000000000000000000e+00,-5.844446092255779490e-01
2.658959959563163104e-03,-1.000000000000000000e+00,-5.885794887357712613e-01
2.659959959563163237e-03,-1.000000000000000000e+00,-5.926732251662610862e-01
2.660959959563163370e-03,-1.000000000000000000e+00,-5.967262279009252213e-01
2.661959959563163503e-03,-1.000000000000000000e+00,-6.007389022501697928e-01
2.662959959563163635e-03,-1.000000000000000000e+00,-6.047116494914617224e-01
2.663959959563163768e-03,-1.000000000000000000e+00,-6.086448669094572939e-01
2.664959959563163901e-03,-1.000000000000000000e+00,-6.125389478357313733e-01
2.665959959563164033e-03,-1.000000000000000000e+00,-6.163942816881121667e-01
2.666959959563164166e-03,-1.000000000000000000e+00,-6.202112540096235138e-01
2.667959959563164299e-03,-1.000000000000000000e+00,-6.239902465070401583e-01
2.668959959563164432e-03,-1.000000000000000000e+00,-6.277316370890596575e-01
2.669959959563164564e-03,-1.000000000000000000e+00,-6.314357999040939307e-01
2.670959959563164697e-03,-1.000000000000000000e+00,-6.351031053776849955e-01
2.671959959563164830e-03,-1.000000000000000000e+00,-6.387339202495488921e-01
2.672959959563164963e-03,-1.000000000000000000e+00,-6.423286076102497910e-01
2.673959959563165095e-03,-1.000000000000000000e+00,-6.458875269375111694e-01
2.674959959563165228e-03,-1.000000000000000000e+00,-6.494110341321628344e-01
2.675959959563165361e-03,-1.000000000000000000e+00,-6.528994815537334517e-01
2.676959959563165493e-03,-1.000000000000000000e+00,-6.563532180556865825e-01
2.677959959563165626e-03,-1.000000000000000000e+00,-6.597725890203067767e-01
2.678959959563165759e-03,-1.000000000000000000e+00,-6.631579363932390558e-01
2.679959959563165892e-03,-1.000000000000000000e+00,-6.665095987176844483e-01
2.680959959563166024e-03,-1.000000000000000000e+00,-6.698279111682549081e-01
2.681959959563166157e-03,-1.000000000000000000e+00,-6.731132055844913920e-01
2.682959959563166290e-03,-1.000000000000000000e+00,-6.763658105040488699e-01
2.683959959563166423e-03,-1.000000000000000000e+00,-6.795860511955509331e-01
2.684959959563166555e-03,-1.000000000000000000e+00,-6.827742496911176628e-01
2.685959959563166688e-03,-1.000000000000000000e+00,-6.859307248185694261e-01
2.686959959563166821e-03,-1.000000000000000000e+00,-6.890557922333100382e-01
2.687959959563166953e-03,-1.000000000000000000e+00,-6.921497644498940671e-01
2.688959959563167086e-03,-1.000000000000000000e+00,-6.952129508732782792e-01
2.689959959563167219e-03,-1.000000000000000000e+00,-6.982456578297632221e-01
2.690959959563167352e-03,-1.000000000000000000e+00,-7.012481885976261653e-01
2.691959959563167484e-03,-1.000000000000000000e+00,-7.042208434374507275e-01
2.692959959563167617e-03,-1.000000000000000000e+00,-7.071639196221528589e-01
2.693959959563167750e-03,-1.000000000000000000e+00,-7.100777114667085055e-01
2.694959959563167883e-03,-1.000000000000000000e+00,-7.129625103575871758e-01
2.695959959563168015e-03,-1.000000000000000000e+00,-7.158186047818899667e-01
2.696959959563168148e-03,-1.000000000000000000e+00,-7.186462803561995960e-01
2.697959959563168281e-03,-1.000000000000000000e+00,-7.214458198551431112e-01
2.698959959563168413e-03,-1.000000000000000000e+00,-7.242175032396690471e-01
2.699959959563168546e-03,-1.000000000000000000e+00,-7.269616076850456965e-01
2.700959959563168679e-03,-1.000000000000000000e+00,-7.296784076085776061e-01
2.701959959563168812e-03,-1.000000000000000000e+00,-7.323681746970495121e-01
2.702959959563168944e-03,-1.000000000000000000e+00,-7.350311779338948304e-01
2.703959959563169077e-03,-1.000000000000000000e+00,-7.376676836260950276e-01
2.704959959563169210e-03,-1.000000000000000000e+00,-7.402779554308107635e-01
2.705959959563169343e-03,-1.000000000000000000e+00,-7.428622543817480217e-01
2.706959959563169475e-03,-1.000000000000000000e+00,-7.454208389152628955e-01
2.707959959563169608e-03,-1.000000000000000000e+00,-7.479539648962054699e-01
2.708959959563169741e-03,-1.000000000000000000e+00,-7.504618856435071317e-01
2.709959959563169873e-03,-1.000000000000000000e+00,-7.529448519555123065e-01
2.710959959563170006e-03,-1.000000000000000000e+00,-7.554031121350596178e-01
2.711959959563170139e-03,-1.000000000000000000e+00,-7.578369120143129134e-01
2.712959959563170272e-03,-1.000000000000000000e+00,-7.602464949793448223e-01
2.713959959563170404e-03,-1.000000000000000000e+00,-7.626321019944756197e-01
2.714959959563170537e-03,-1.000000000000000000e+00,-7.649939716263713940e-01
2.715959959563170670e-03,-1.000000000000000000e+00,-7.673323400679001871e-01
2.716959959563170802e-03,-1.000000000000000000e+00,-7.696474411617520994e-01
2.717959959563170935e-03,-1.000000000000000000e+00,-7.719395064238242510e-01
2.718959959563171068e-03,-1.000000000000000000e+00,-7.742087650663733722e-01
2.719959959563171201e-03,-1.000000000000000000e+00,-7.764554440209370245e-01
2.720959959563171333e-03,-1.000000000000000000e+00,-7.786797679610272249e-01
2.721959959563171466e-03,-1.000000000000000000e+00,-7.808819593245991397e-01
2.722959959563171599e-03,-1.000000000000000000e+00,-7.830622383362947359e-01
2.723959959563171732e-03,-1.000000000000000000e+00,-7.852208230294661639e-01
2.724959959563171864e-03,-1.000000000000000000e+00,-7.873579292679790953e-01
2.725959959563171997e-03,-1.000000000000000000e+00,-7.894737707678003424e-01
2.726959959563172130e-03,-1.000000000000000000e+00,-7.915685591183696523e-01
2.727959959563172262e-03,-1.000000000000000000e+00,-7.936425038037591140e-01
2.728959959563172395e-03,-1.000000000000000000e+00,-7.956958122236222897e-01
2.729959959563172528e-03,-1.000000000000000000e+00,-7.977286897139345134e-01
2.730959959563172661e-03,-1.000000000000000000e+00,-7.997413395675273540e-01
2.731959959563172793e-03,-1.000000000000000000e+00,-8.017339630544177975e-01
2.732959959563172926e-03,-1.000000000000000000e+00,-8.037067594419362582e-01
2.733959959563173059e-03,-1.000000000000000000e+00,-8.056599260146533048e-01
2.734959959563173192e-03,-1.000000000000000000e+00,-8.075936580941095455e-01
2.735959959563173324e-03,-1.000000000000000000e+00,-8.095081490583473371e-01
2.736959959563173457e-03,-1.000000000000000000e+00,-8.114035903612494272e-01
2.737959959563173590e-03,-1.000000000000000000e+00,-8.132801715516849717e-01
2.738959959563173722e-03,-1.000000000000000000e+00,-8.151380802924643731e-01
2.739959959563173855e-03,-1.000000000000000000e+00,-8.169775023791067126e-01
2.740959959563173988e-03,-1.000000000000000000e+00,-8.187986217584192206e-01
2.741959959563174121e-03,-1.000000000000000000e+00,-8.206016205468925628e-01
2.742959959563174253e-03,-1.000000000000000000e+00,-8.223866790489134937e-01
2.743959959563174386e-03,-1.000000000000000000e+00,-8.241539757747949890e-01
2.744959959563174519e-03,-1.000000000000000000e+00,-8.259036874586279664e-01
2.745959959563174652e-03,-1.000000000000000000e+00,-8.276359890759550364e-01
2.746959959563174784e-03,-1.000000000000000000e+00,-8.293510538612689498e-01
2.747959959563174917e-03,-1.000000000000000000e+00,-8.310490533253360734e-01
2.748959959563175050e-03,-1.000000000000000000e+00,-8.327301572723477818e-01
2.749959959563175182e-03,-1.000000000000000000e+00,-8.343945338169015402e-01
2.750959959563175315e-03,-1.000000000000000000e+00,-8.360423494008130119e-01
2.751959959563175448e-03,-1.000000000000000000e+00,-8.376737688097605217e-01
2.752959959563175581e-03,-1.000000000000000000e+00,-8.392889551897629863e-01
2.753959959563175713e-03,-1.000000000000000000e+00,-8.408880700634967509e-01
2.754959959563175846e-03,-1.000000000000000000e+00,-8.424712733464472247e-01
2.755959959563175979e-03,-1.000000000000000000e+00,-8.440387233629005337e-01
2.756959959563176112e-03,-1.000000000000000000e+00,-8.455905768617770768e-01
2.757959959563176244e-03,-1.000000000000000000e+00,-8.471269890323066543e-01
2.758959959563176377e-03,-1.000000000000000000e+00,-8.486481135195473868e-01
2.759959959563176510e-03,-1.000000000000000000e+00,-8.501541024397510915e-01
2.760959959563176642e-03,-1.000000000000000000e+00,-8.516451063955747802e-01
2.761959959563176775e-03,-1.000000000000000000e+00,-8.531212744911412793e-01
2.762959959563176908e-03,-1.000000000000000000e+00,-8.545827543469508569e-01
2.763959959563177041e-03,-1.000000000000000000e+00,-8.560296921146430815e-01
2.764959959563177173e-03,-1.000000000000000000e+00,-8.574622324916119087e-01
2.765959959563177306e-03,-1.000000000000000000e+00,-8.588805187354763282e-01
2.766959959563177439e-03,-1.000000000000000000e+00,-8.602846926784067927e-01
2.767959959563177572e-03,-1.000000000000000000e+00,-8.616748947413083171e-01
2.768959959563177704e-03,-1.000000000000000000e+00,-8.630512639478626902e-01
2.769959959563177837e-03,-1.000000000000000000e+00,-8.644139379384314648e-01
2.770959959563177970e-03,-1.000000000000000000e+00,-8.657630529838202804e-01
2.771959959563178102e-03,-1.000000000000000000e+00,-8.670987439989066292e-01
2.772959959563178235e-03,-1.000000000000000000e+00,-8.684211445561315079e-01
2.773959959563178368e-03,-1.000000000000000000e+00,-8.697303868988566222e-01
2.774959959563178501e-03,-1.000000000000000000e+00,-8.710266019545895855e-01
2.775959959563178633e-03,-1.000000000000000000e+00,-8.723099193480765567e-01
2.776959959563178766e-03,-1.000000000000000000e+00,-8.735804674142649828e-01
2.777959959563178899e-03,-1.000000000000000000e+00,-8.748383732111381095e-01
2.778959959563179032e-03,-1.000000000000000000e+00,-8.760837625324204847e-01
2.779959959563179164e-03,-1.000000000000000000e+00,-8.773167599201575628e-01
2.780959959563179297e-03,-1.000000000000000000e+00,-8.785374886771710745e-01
2.781959959563179430e-03,-1.000000000000000000e+00,-8.797460708793883866e-01
2.782959959563179562e-03,-1.000000000000000000e+00,-8.809426273880511804e-01
2.783959959563179695e-03,-1.000000000000000000e+00,-8.821272778618020061e-01
2.784959959563179828e-03,-1.000000000000000000e+00,-8.833001407686498219e-01
2.785959959563179961e-03,-1.000000000000000000e+00,-8.844613333978177394e-01
2.786959959563180093e-03,-1.000000000000000000e+00,-8.856109718714713086e-01
2.787959959563180226e-03,-1.000000000000000000e+00,-8.867491711563322276e-01
2.788959959563180359e-03,-1.000000000000000000e+00,-8.878760450751745914e-01
2.789959959563180492e-03,-1.000000000000000000e+00,-8.889917063182076751e-01
2.790959959563180624e-03,-1.000000000000000000e+00,-8.900962664543449199e-01
2.791959959563180757e-03,-1.000000000000000000e+00,-8.911898359423615634e-01
2.792959959563180890e-03,-1.000000000000000000e+00,-8.922725241419400266e-01
2.793959959563181022e-03,-1.000000000000000000e+00,-8.933444393246074977e-01
2.794959959563181155e-03,-1.000000000000000000e+00,-8.944056886845619392e-01
2.795959959563181288e-03,-1.000000000000000000e+00,-8.954563783493924012e-01
2.796959959563181421e-03,-1.000000000000000000e+00,-8.964966133906921986e-01
2.797959959563181553e-03,-1.000000000000000000e+00,-8.975264978345660616e-01
2.798959959563181686e-03,-1.000000000000000000e+00,-8.985461346720333697e-01
2.799959959563181819e-03,-1.000000000000000000e+00,-8.995556258693266916e-01
2.800959959563181952e-03,-1.000000000000000000e+00,-9.005550723780896272e-01
2.801959959563182084e-03,-1.000000000000000000e+00,-9.015445741454718442e-01
2.802959959563182217e-03,-1.000000000000000000e+00,-9.025242301241239717e-01
2.803959959563182350e-03,-1.000000000000000000e+00,-9.034941382820929068e-01
2.804959959563182482e-03,-1.000000000000000000e+00,-9.044543956126194217e-01
2.805959959563182615e-03,-1.000000000000000000e+00,-9.054050981438372947e-01
2.806959959563182748e-03,-1.000000000000000000e+00,-9.063463409483764055e-01
2.807959959563182881e-03,-1.000000000000000000e+00,-9.072782181528702417e-01
2.808959959563183013e-03,-1.000000000000000000e+00,-9.082008229473690353e-01
2.809959959563183146e-03,-1.000000000000000000e+00,-9.091142475946590862e-01
2.810959959563183279e-03,-1.000000000000000000e+00,-9.100185834394883821e-01
2.811959959563183412e-03,-1.000000000000000000e+00,-9.109139209177024021e-01
2.812959959563183544e-03,-1.000000000000000000e+00,-9.118003495652875490e-01
2.813959959563183677e-03,-1.000000000000000000e+00,-9.126779580273246539e-01
2.814959959563183810e-03,-1.000000000000000000e+00,-9.135468340668537746e-01
2.815959959563183942e-03,-1.000000000000000000e+00,-9.144070645736511738e-01
2.816959959563184075e-03,-1.000000000000000000e+00,-9.152587355729183693e-01
2.817959959563184208e-03,-1.000000000000000000e+00,-9.161019322338846971e-01
2.818959959563184341e-03,-1.000000000000000000e+00,-9.169367388783239425e-01
2.819959959563184473e-03,-1.000000000000000000e+00,-9.177632389889873732e-01
2.820959959563184606e-03,-1.000000000000000000e+00,-9.185815152179527265e-01
2.821959959563184739e-03,-1.000000000000000000e+00,-9.193916493948884883e-01
2.822959959563184872e-03,-1.000000000000000000e+00,-9.201937225352377903e-01
2.823959959563185004e-03,-1.000000000000000000e+00,-9.209878148483200411e-01
2.824959959563185137e-03,-1.000000000000000000e+00,-9.217740057453517322e-01
2.825959959563185270e-03,-1.000000000000000000e+00,-9.225523738473881963e-01
2.826959959563185402e-03,-1.000000000000000000e+00,-9.233229969931853187e-01
2.827959959563185535e-03,-1.000000000000000000e+00,-9.240859522469843101e-01
2.828959959563185668e-03,-1.000000000000000000e+00,-9.248413159062182087e-01
2.829959959563185801e-03,-1.000000000000000000e+00,-9.255891635091412217e-01
2.830959959563185933e-03,-1.000000000000000000e+00,-9.263295698423835711e-01
2.831959959563186066e-03,-1.000000000000000000e+00,-9.270626089484297339e-01
2.832959959563186199e-03,-1.000000000000000000e+00,-9.277883541330226302e-01
2.833959959563186332e-03,-1.000000000000000000e+00,-9.285068779724950927e-01
2.834959959563186464e-03,-1.000000000000000000e+00,-9.292182523210275047e-01
2.835959959563186597e-03,-1.000000000000000000e+00,-9.299225483178331642e-01
2.836959959563186730e-03,-1.000000000000000000e+00,-9.306198363942725926e-01
2.837959959563186862e-03,-1.000000000000000000e+00,-9.313101862808967901e-01
2.838959959563186995e-03,-1.000000000000000000e+00,-9.319936670144202129e-01
2.839959959563187128e-03,-1.000000000000000000e+00,-9.326703469446250283e-01
2.840959959563187261e-03,-1.000000000000000000e+00,-9.333402937411960920e-01
2.841959959563187393e-03,-1.000000000000000000e+00,-9.340035744004878682e-01
2.842959959563187526e-03,-1.000000000000000000e+00,-9.346602552522244034e-01
2.843959959563187659e-03,-1.000000000000000000e+00,-9.353104019661327984e-01
2.844959959563187792e-03,-1.000000000000000000e+00,-9.359540795585097328e-01
2.845959959563187924e-03,-1.000000000000000000e+00,-9.365913523987235978e-01
2.846959959563188057e-03,-1.000000000000000000e+00,-9.372222842156516798e-01
2.847959959563188190e-03,-1.000000000000000000e+00,-9.378469381040532848e-01
2.848959959563188322e-03,-1.000000000000000000e+00,-9.384653765308788032e-01
2.849959959563188455e-03,-1.000000000000000000e+00,-9.390776613415169338e-01
2.850959959563188588e-03,-1.000000000000000000e+00,-9.396838537659794044e-01
2.851959959563188721e-03,-1.000000000000000000e+00,-9.402840144250245169e-01
2.852959959563188853e-03,-1.000000000000000000e+00,-9.408782033362185215e-01
2.853959959563188986e-03,-1.000000000000000000e+00,-9.414664799199377043e-01
2.854959959563189119e-03,-1.000000000000000000e+00,-9.420489030053115220e-01
2.855959959563189252e-03,-1.000000000000000000e+00,-9.426255308361046747e-01
2.856959959563189384e-03,-1.000000000000000000e+00,-9.431964210765414469e-01
2.857959959563189517e-03,-1.000000000000000000e+00,-9.437616308170736490e-01
2.858959959563189650e-03,-1.000000000000000000e+00,-9.443212165800880520e-01
2.859959959563189782e-03,-1.000000000000000000e+00,-9.448752343255600872e-01
2.860959959563189915e-03,-1.000000000000000000e+00,-9.454237394566492592e-01
2.861959959563190048e-03,-1.000000000000000000e+00,-9.459667868252400469e-01
2.862959959563190181e-03,-1.000000000000000000e+00,-9.465044307374267385e-01
2.863959959563190313e-03,-1.000000000000000000e+00,-9.470367249589448644e-01
2.864959959563190446e-03,-1.000000000000000000e+00,-9.475637227205474522e-01
2.865959959563190579e-03,-1.000000000000000000e+00,-9.480854767233281022e-01
2.866959959563190712e-03,-1.000000000000000000e+00,-9.486020391439916599e-01
2.867959959563190844e-03,-1.000000000000000000e+00,-9.491134616400713764e-01
2.868959959563190977e-03,-1.000000000000000000e+00,-9.496197953550956639e-01
2.869959959563191110e-03,-1.000000000000000000e+00,-9.501210909237017832e-01
2.870959959563191242e-03,-1.000000000000000000e+00,-9.506173984767000151e-01
2.871959959563191375e-03,-1.000000000000000000e+00,-9.511087676460862061e-01
2.872959959563191508e-03,-1.000000000000000000e+00,-9.515952475700057978e-01
2.873959959563191641e-03,-1.000000000000000000e+00,-9.520768868976676735e-01
2.874959959563191773e-03,-1.000000000000000000e+00,-9.525537337942086014e-01
2.875959959563191906e-03,-1.000000000000000000e+00,-9.530258359455100470e-01
2.876959959563192039e-03,-1.000000000000000000e+00,-9.534932405629678032e-01
2.877959959563192172e-03,-1.000000000000000000e+00,-9.539559943882119919e-01
2.878959959563192304e-03,-1.000000000000000000e+00,-9.544141436977822135e-01
2.879959959563192437e-03,-1.000000000000000000e+00,-9.548677343077547341e-01
2.880959959563192570e-03,-1.000000000000000000e+00,-9.553168115783243763e-01
2.881959959563192702e-03,-1.000000000000000000e+00,-9.557614204183411122e-01
2.882959959563192835e-03,-1.000000000000000000e+00,-9.562016052898004714e-01
2.883959959563192968e-03,-1.000000000000000000e+00,-9.566374102122902068e-01
2.884959959563193101e-03,-1.000000000000000000e+00,-9.570688787673918840e-01
2.885959959563193233e-03,-1.000000000000000000e+00,-9.574960541030399508e-01
2.886959959563193366e-03,-1.000000000000000000e+00,-9.579189789378359521e-01
2.887959959563193499e-03,-1.000000000000000000e+00,-9.583376955653204465e-01
2.888959959563193632e-03,-1.000000000000000000e+00,-9.587522458582029561e-01
2.889959959563193764e-03,-1.000000000000000000e+00,-9.591626712725492832e-01
2.890959959563193897e-03,-1.000000000000000000e+00,-9.595690128519269724e-01
2.891959959563194030e-03,-1.000000000000000000e+00,-9.599713112315096941e-01
2.892959959563194162e-03,-1.000000000000000000e+00,-9.603696066421414379e-01
2.893959959563194295e-03,-1.000000000000000000e+00,-9.607639389143589614e-01
2.894959959563194428e-03,-1.000000000000000000e+00,-9.611543474823751598e-01
2.895959959563194561e-03,-1.000000000000000000e+00,-9.615408713880231328e-01
2.896959959563194693e-03,-1.000000000000000000e+00,-9.619235492846599511e-01
2.897959959563194826e-03,-1.000000000000000000e+00,-9.623024194410315646e-01
2.898959959563194959e-03,-1.000000000000000000e+00,-9.626775197451010735e-01
2.899959959563195092e-03,-1.000000000000000000e+00,-9.630488877078364762e-01
2.900959959563195224e-03,-1.000000000000000000e+00,-9.634165604669625571e-01
2.901959959563195357e-03,-1.000000000000000000e+00,-9.637805747906745824e-01
2.902959959563195490e-03,-1.000000000000000000e+00,-9.641409670813146926e-01
2.903959959563195622e-03,-1.000000000000000000e+00,-9.644977733790131014e-01
2.904959959563195755e-03,-1.000000000000000000e+00,-9.648510293652916570e-01
2.905959959563195888e-03,-1.000000000000000000e+00,-9.652007703666322103e-01
2.906959959563196021e-03,-1.000000000000000000e+00,-9.655470313580092334e-01
2.907959959563196153e-03,-1.000000000000000000e+00,-9.658898469663872444e-01
2.908959959563196286e-03,-1.000000000000000000e+00,-9.662292514741841476e-01
2.909959959563196419e-03,-1.000000000000000000e+00,-9.665652788226996028e-01
2.910959959563196552e-03,-1.000000000000000000e+00,-9.668979626155085327e-01
2.911959959563196684e-03,-1.000000000000000000e+00,-9.672273361218218790e-01
2.912959959563196817e-03,-1.000000000000000000e+00,-9.675534322798138298e-01
2.913959959563196950e-03,-1.000000000000000000e+00,-9.678762836999152963e-01
2.914959959563197082e-03,-1.000000000000000000e+00,-9.681959226680754149e-01
2.915959959563197215e-03,-1.000000000000000000e+00,-9.685123811489900758e-01
2.916959959563197348e-03,-1.000000000000000000e+00,-9.688256907892986991e-01
2.917959959563197481e-03,-1.000000000000000000e+00,-9.691358829207487036e-01
2.918959959563197613e-03,-1.000000000000000000e+00,-9.694429885633285560e-01
2.919959959563197746e-03,-1.000000000000000000e+00,-9.697470384283700673e-01
2.920959959563197879e-03,-1.000000000000000000e+00,-9.700480629216201578e-01
2.921959959563198012e-03,-1.000000000000000000e+00,-9.703460921462808697e-01
2.922959959563198144e-03,-1.000000000000000000e+00,-9.706411559060195149e-01
2.923959959563198277e-03,-1.000000000000000000e+00,-9.709332837079498457e-01
2.924959959563198410e-03,-1.000000000000000000e+00,-9.712225047655822507e-01
2.925959959563198542e-03,-1.000000000000000000e+00,-9.715088480017456396e-01
2.926959959563198675e-03,-1.000000000000000000e+00,-9.717923420514799071e-01
2.927959959563198808e-03,-1.000000000000000000e+00,-9.720730152648980882e-01
2.928959959563198941e-03,-1.000000000000000000e+00,-9.723508957100235328e-01
2.929959959563199073e-03,-1.000000000000000000e+00,-9.726260111755955506e-01
2.930959959563199206e-03,-1.000000000000000000e+00,-9.728983891738484102e-01
2.931959959563199339e-03,-1.000000000000000000e+00,-9.731680569432629158e-01
2.932959959563199472e-03,-1.000000000000000000e+00,-9.734350414512904504e-01
2.933959959563199604e-03,-1.000000000000000000e+00,-9.736993693970489305e-01
2.934959959563199737e-03,-1.000000000000000000e+00,-9.739610672139937808e-01
2.935959959563199870e-03,-1.000000000000000000e+00,-9.742201610725610417e-01
2.936959959563200002e-03,-1.000000000000000000e+00,-9.744766768827844983e-01
2.937959959563200135e-03,-1.000000000000000000e+00,-9.747306402968861638e-01
2.938959959563200268e-03,-1.000000000000000000e+00,-9.749820767118425602e-01
2.939959959563200401e-03,-1.000000000000000000e+00,-9.752310112719239088e-01
2.940959959563200533e-03,-1.000000000000000000e+00,-9.754774688712084529e-01
2.941959959563200666e-03,-1.000000000000000000e+00,-9.757214741560721327e-01
2.942959959563200799e-03,-1.000000000000000000e+00,-9.759630515276535023e-01
2.943959959563200932e-03,-1.000000000000000000e+00,-9.762022251442938892e-01
2.944959959563201064e-03,-1.000000000000000000e+00,-9.764390189239529061e-01
2.945959959563201197e-03,-1.000000000000000000e+00,-9.766734565466004270e-01
2.946959959563201330e-03,-1.000000000000000000e+00,-9.769055614565846923e-01
2.947959959563201462e-03,-1.000000000000000000e+00,-9.771353568649767674e-01
2.948959959563201595e-03,-1.000000000000000000e+00,-9.773628657518923513e-01
2.949959959563201728e-03,-1.000000000000000000e+00,-9.775881108687888288e-01
2.950959959563201861e-03,-1.000000000000000000e+00,-9.778111147407412274e-01
2.951959959563201993e-03,-1.000000000000000000e+00,-9.780318996686940825e-01
2.952959959563202126e-03,-1.000000000000000000e+00,-9.782504877316920977e-01
2.953959959563202259e-03,-1.000000000000000000e+00,-9.784669007890883785e-01
2.954959959563202392e-03,-1.000000000000000000e+00,-9.786811604827294619e-01
2.955959959563202524e-03,-1.000000000000000000e+00,-9.788932882391203627e-01
2.956959959563202657e-03,-1.000000000000000000e+00,-9.791033052715670815e-01
2.957959959563202790e-03,-1.000000000000000000e+00,-9.793112325822979081e-01
2.958959959563202922e-03,-1.000000000000000000e+00,-9.795170909645637414e-01
2.959959959563203055e-03,-1.000000000000000000e+00,-9.797209010047174260e-01
2.960959959563203188e-03,-1.000000000000000000e+00,-9.799226830842724389e-01
2.961959959563203321e-03,-1.000000000000000000e+00,-9.801224573819413699e-01
2.962959959563203453e-03,-1.000000000000000000e+00,-9.803202438756534187e-01
2.963959959563203586e-03,-1.000000000000000000e+00,-9.805160623445524637e-01
2.964959959563203719e-03,-1.000000000000000000e+00,-9.807099323709747019e-01
2.965959959563203852e-03,-1.000000000000000000e+00,-9.809018733424078595e-01
2.966959959563203984e-03,-1.000000000000000000e+00,-9.810919044534287536e-01
2.967959959563204117e-03,-1.000000000000000000e+00,-9.812800447076236443e-01
2.968959959563204250e-03,-1.000000000000000000e+00,-9.814663129194882707e-01
2.969959959563204382e-03,-1.000000000000000000e+00,-9.816507277163093459e-01
2.970959959563204515e-03,-1.000000000000000000e+00,-9.818333075400275112e-01
2.971959959563204648e-03,-1.000000000000000000e+00,-9.820140706490819715e-01
2.972959959563204781e-03,-1.000000000000000000e+00,-9.821930351202354803e-01
2.973959959563204913e-03,-1.000000000000000000e+00,-9.823702188503825594e-01
2.974959959563205046e-03,-1.000000000000000000e+00,-9.825456395583390679e-01
2.975959959563205179e-03,-1.000000000000000000e+00,-9.827193147866144507e-01
2.976959959563205312e-03,-1.000000000000000000e+00,-9.828912619031655584e-01
2.977959959563205444e-03,-1.000000000000000000e+00,-9.830614981031339239e-01
2.978959959563205577e-03,-1.000000000000000000e+00,-9.832300404105654978e-01
2.979959959563205710e-03,-1.000000000000000000e+00,-9.833969056801123987e-01
2.980959959563205842e-03,-1.000000000000000000e+00,-9.835621105987183421e-01
2.981959959563205975e-03,-1.000000000000000000e+00,-9.837256716872883056e-01
2.982959959563206108e-03,-1.000000000000000000e+00,-9.838876053023403179e-01
2.983959959563206241e-03,-1.000000000000000000e+00,-9.840479276376407070e-01
2.984959959563206373e-03,-1.000000000000000000e+00,-9.842066547258232490e-01
2.985959959563206506e-03,-1.000000000000000000e+00,-9.843638024399941067e-01
2.986959959563206639e-03,-1.000000000000000000e+00,-9.845193864953176721e-01
2.987959959563206772e-03,-1.000000000000000000e+00,-9.846734224505883093e-01
2.988959959563206904e-03,-1.000000000000000000e+00,-9.848259257097865538e-01
2.989959959563207037e-03,-1.000000000000000000e+00,-9.849769115236195471e-01
2.990959959563207170e-03,-1.000000000000000000e+00,-9.851263949910462614e-01
2.991959959563207302e-03,-1.000000000000000000e+00,-9.852743910607874023e-01
2.992959959563207435e-03,-1.000000000000000000e+00,-9.854209145328196584e-01
2.993959959563207568e-03,-1.000000000000000000e+00,-9.855659800598565168e-01
2.994959959563207701e-03,-1.000000000000000000e+00,-9.857096021488134241e-01
2.995959959563207833e-03,-1.000000000000000000e+00,-9.858517951622584041e-01
2.996959959563207966e-03,-1.000000000000000000e+00,-9.859925733198481312e-01
2.997959959563208099e-03,-1.000000000000000000e+00,-9.861319506997503481e-01
2.998959959563208232e-03,-1.000000000000000000e+00,-9.862699412400516286e-01
2.999959959563208364e-03,-1.000000000000000000e+00,-9.864065587401505963e-01
3.000000000000000062e-03,-1.000000000000000000e+00,-9.864120005239492839e-01
3.000080080873583459e-03,-8.398382528332073438e-01,-9.862947169080988896e-01
3.000240242620750251e-03,-5.195147584996220314e-01,-9.858040247743901086e-01
3.000560566115083837e-03,1.211322301675485935e-01,-9.832883484438996735e-01
3.001000000000000195e-03,1.000000000000000000e+00,-9.765190021979617274e-01
3.001064064698866826e-03,1.000000000000000000e+00,-9.752535619516435883e-01
3.001192194096600086e-03,1.000000000000000000e+00,-9.727243018218931780e-01
3.001448452892067041e-03,1.000000000000000000e+00,-9.676754912986793578e-01
3.001960970483000951e-03,1.000000000000000000e+00,-9.576165851051309241e-01
3.002960970483001084e-03,1.000000000000000000e+00,-9.381378131140353238e-01
3.003960970483001217e-03,1.000000000000000000e+00,-9.188528597497166439e-01
3.004960970483001349e-03,1.000000000000000000e+00,-8.997597964686249172e-01
3.005960970483001482e-03,1.000000000000000000e+00,-8.808567139166983972e-01
3.006960970483001615e-03,1.000000000000000000e+00,-8.621417217384226284e-01
3.007960970483001747e-03,1.000000000000000000e+00,-8.436129483877914392e-01
3.008960970483001880e-03,1.000000000000000000e+00,-8.252685409411467665e-01
3.009960970483002013e-03,1.000000000000000000e+00,-8.071066649118816549e-01
3.010960970483002146e-03,1.000000000000000000e+00,-7.891255040669873377e-01
3.011960970483002278e-03,1.000000000000000000e+00,-7.713232602454254128e-01
3.012960970483002411e-03,1.000000000000000000e+00,-7.536981531783069066e-01
3.013960970483002544e-03,1.000000000000000000e+00,-7.362484203108611291e-01
3.014960970483002677e-03,1.000000000000000000e+00,-7.189723166261758891e-01
3.015960970483002809e-03,1.000000000000000000e+00,-7.018681144706916397e-01
3.016960970483002942e-03,1.000000000000000000e+00,-6.849341033814311253e-01
3.017960970483003075e-03,1.000000000000000000e+00,-6.681685899149490959e-01
3.018960970483003207e-03,1.000000000000000000e+00,-6.515698974779843278e-01
3.019960970483003340e-03,1.000000000000000000e+00,-6.351363661597954069e-01
3.020960970483003473e-03,1.000000000000000000e+00,-6.188663525661657339e-01
3.021960970483003606e-03,1.000000000000000000e+00,-6.027582296550598739e-01
3.022960970483003738e-03,1.000000000000000000e+00,-5.868103865739150438e-01
3.023960970483003871e-03,1.000000000000000000e+00,-5.710212284985527464e-01
3.024960970483004004e-03,1.000000000000000000e+00,-5.553891764736914594e-01
3.025960970483004137e-03,1.000000000000000000e+00,-5.399126672550477180e-01
3.026960970483004269e-03,1.000000000000000000e+00,-5.245901531530074990e-01
3.027960970483004402e-03,1.000000000000000000e+00,-5.094201018778532486e-01
3.028960970483004535e-03,1.000000000000000000e+00,-4.944009963865312884e-01
3.029960970483004667e-03,1.000000000000000000e+00,-4.795313347309439478e-01
3.030960970483004800e-03,1.000000000000000000e+00,-4.648096299077504878e-01
3.031960970483004933e-03,1.000000000000000000e+00,-4.502344097096634967e-01
3.032960970483005066e-03,1.000000000000000000e+00,-4.358042165782240462e-01
3.033960970483005198e-03,1.000000000000000000e+00,-4.215176074580427867e-01
3.034960970483005331e-03,1.000000000000000000e+00,-4.073731536524902719e-01
3.035960970483005464e-03,1.000000000000000000e+00,-3.933694406808236899e-01
3.036960970483005597e-03,1.000000000000000000e+00,-3.795050681367359013e-01
3.037960970483005729e-03,1.000000000000000000e+00,-3.657786495483106859e-01
3.038960970483005862e-03,1.000000000000000000e+00,-3.521888122393722620e-01
3.039960970483005995e-03,1.000000000000000000e+00,-3.387341971922143147e-01
3.040960970483006127e-03,1.000000000000000000e+00,-3.254134589116948195e-01
3.041960970483006260e-03,1.000000000000000000e+00,-3.122252652906828962e-01
3.042960970483006393e-03,1.000000000000000000e+00,-2.991682974768452574e-01
3.043960970483006526e-03,1.000000000000000000e+00,-2.862412497407572642e-01
3.044960970483006658e-03,1.000000000000000000e+00,-2.734428293453268766e-01
3.045960970483006791e-03,1.000000000000000000e+00,-2.607717564165176194e-01
3.046960970483006924e-03,1.000000000000000000e+00,-2.482267638153582701e-01
3.047960970483007057e-03,1.000000000000000000e+00,-2.358065970112253606e-01
3.048960970483007189e-03,1.000000000000000000e+00,-2.235100139563873101e-01
3.049960970483007322e-03,1.000000000000000000e+00,-2.113357849617964190e-01
3.050960970483007455e-03,1.000000000000000000e+00,-1.992826925741168764e-01
3.051960970483007587e-03,1.000000000000000000e+00,-1.873495314539764256e-01
3.052960970483007720e-03,1.000000000000000000e+00,-1.755351082554294506e-01
3.053960970483007853e-03,1.000000000000000000e+00,-1.638382415066192144e-01
3.054960970483007986e-03,1.000000000000000000e+00,-1.522577614916280353e-01
3.055960970483008118e-03,1.000000000000000000e+00,-1.407925101335023577e-01
3.056960970483008251e-03,1.000000000000000000e+00,-1.294413408784426400e-01
3.057960970483008384e-03,1.000000000000000000e+00,-1.182031185811446838e-01
3.058960970483008517e-03,1.000000000000000000e+00,-1.070767193912825627e-01
3.059960970483008649e-03,1.000000000000000000e+00,-9.606103064112056500e-02
3.060960970483008782e-03,1.000000000000000000e+00,-8.515495073424375616e-02
3.061960970483008915e-03,1.000000000000000000e+00,-7.435738903539557132e-02
3.062960970483009047e-03,1.000000000000000000e+00,-6.366726576141154559e-02
3.063960970483009180e-03,1.000000000000000000e+00,-5.308351187323829407e-02
3.064960970483009313e-03,1.000000000000000000e+00,-4.260506896902696572e-02
3.065960970483009446e-03,1.000000000000000000e+00,-3.223088917829039501e-02
3.066960970483009578e-03,1.000000000000000000e+00,-2.195993505711338334e-02
3.067960970483009711e-03,1.000000000000000000e+00,-1.179117948440579211e-02
3.068960970483009844e-03,1.000000000000000000e+00,-1.723605559187828869e-03
3.069960970483009977e-03,1.000000000000000000e+00,8.243793501102597912e-03
3.070960970483010109e-03,1.000000000000000000e+00,1.811201446129063336e-02
3.071960970483010242e-03,1.000000000000000000e+00,2.788204416814346956e-02
3.072960970483010375e-03,1.000000000000000000e+00,3.755485964905747043e-02
3.073960970483010507e-03,1.000000000000000000e+00,4.713142820976336939e-02
3.074960970483010640e-03,1.000000000000000000e+00,5.661270753105925035e-02
3.075960970483010773e-03,1.000000000000000000e+00,6.599964576458106080e-02
3.076960970483010906e-03,1.000000000000000000e+00,7.529318162762005384e-02
3.077960970483011038e-03,1.000000000000000000e+00,8.449424449699696749e-02
3.078960970483011171e-03,1.000000000000000000e+00,9.360375450200199288e-02
3.079960970483011304e-03,1.000000000000000000e+00,1.026226226164099337e-01
3.080960970483011437e-03,1.000000000000000000e+00,1.115517507495800004e-01
3.081960970483011569e-03,1.000000000000000000e+00,1.203920318366488856e-01
3.082960970483011702e-03,1.000000000000000000e+00,1.291443499278265572e-01
3.083960970483011835e-03,1.000000000000000000e+00,1.378095802768034006e-01
3.084960970483011967e-03,1.000000000000000000e+00,1.463885894282780098e-01
3.085960970483012100e-03,1.000000000000000000e+00,1.548822353046135913e-01
3.086960970483012233e-03,1.000000000000000000e+00,1.632913672916324055e-01
3.087960970483012366e-03,1.000000000000000000e+00,1.716168263235565150e-01
3.088960970483012498e-03,1.000000000000000000e+00,1.798594449671032103e-01
3.089960970483012631e-03,1.000000000000000000e+00,1.880200475047439368e-01
3.090960970483012764e-03,1.000000000000000000e+00,1.960994500171345800e-01
3.091960970483012897e-03,1.000000000000000000e+00,2.040984604647252953e-01
3.092960970483013029e-03,1.000000000000000000e+00,2.120178787685589317e-01
3.093960970483013162e-03,1.000000000000000000e+00,2.198584968902649039e-01
3.094960970483013295e-03,1.000000000000000000e+00,2.276210989112573135e-01
3.095960970483013427e-03,1.000000000000000000e+00,2.353064611111453652e-01
3.096960970483013560e-03,1.000000000000000000e+00,2.429153520453628812e-01
3.097960970483013693e-03,1.000000000000000000e+00,2.504485326220259322e-01
3.098960970483013826e-03,1.000000000000000000e+00,2.579067561780257201e-01
3.099960970483013958e-03,1.000000000000000000e+00,2.652907685543637872e-01
3.100960970483014091e-03,1.000000000000000000e+00,2.726013081707382990e-01
3.101960970483014224e-03,1.000000000000000000e+00,2.798391060993877244e-01
3.102960970483014357e-03,1.000000000000000000e+00,2.870048861381999106e-01
3.103960970483014489e-03,1.000000000000000000e+00,2.940993648830935170e-01
3.104960970483014622e-03,1.000000000000000000e+00,3.011232517996797475e-01
3.105960970483014755e-03,1.000000000000000000e+00,3.080772492942102647e-01
3.106960970483014887e-03,1.000000000000000000e+00,3.149620527838201678e-01
3.107960970483015020e-03,1.000000000000000000e+00,3.217783507660706976e-01
3.108960970483015153e-03,1.000000000000000000e+00,3.285268248878013830e-01
3.109960970483015286e-03,1.000000000000000000e+00,3.352081500132959024e-01
3.110960970483015418e-03,1.000000000000000000e+00,3.418229942917705433e-01
3.111960970483015551e-03,1.000000000000000000e+00,3.483720192241906433e-01
3.112960970483015684e-03,1.000000000000000000e+00,3.548558797294225076e-01
3.113960970483015817e-03,1.000000000000000000e+00,3.612752242097267974e-01
3.114960970483015949e-03,1.000000000000000000e+00,3.676306946156001620e-01
3.115960970483016082e-03,1.000000000000000000e+00,3.739229265099722754e-01
3.116960970483016215e-03,1.000000000000000000e+00,3.801525491317636063e-01
3.117960970483016347e-03,1.000000000000000000e+00,3.863201854588107498e-01
3.118960970483016480e-03,1.000000000000000000e+00,3.924264522701658153e-01
3.119960970483016613e-03,1.000000000000000000e+00,3.984719602077761436e-01
3.120960970483016746e-03,1.000000000000000000e+00,4.044573138375496257e-01
3.121960970483016878e-03,1.000000000000000000e+00,4.103831117098129533e-01
3.122960970483017011e-03,1.000000000000000000e+00,4.162499464191681819e-01
3.123960970483017144e-03,1.000000000000000000e+00,4.220584046637536613e-01
3.124960970483017277e-03,1.000000000000000000e+00,4.278090673039154357e-01
3.125960970483017409e-03,1.000000000000000000e+00,4.335025094202943907e-01
3.126960970483017542e-03,1.000000000000000000e+00,4.391393003713361387e-01
3.127960970483017675e-03,1.000000000000000000e+00,4.447200038502283070e-01
3.128960970483017807e-03,1.000000000000000000e+00,4.502451779412708355e-01
3.129960970483017940e-03,1.000000000000000000e+00,4.557153751756861659e-01
3.130960970483018073e-03,1.000000000000000000e+00,4.611311425868735436e-01
3.131960970483018206e-03,1.000000000000000000e+00,4.664930217651136468e-01
3.132960970483018338e-03,1.000000000000000000e+00,4.718015489117295402e-01
3.133960970483018471e-03,1.000000000000000000e+00,4.770572548927073941e-01
3.134960970483018604e-03,1.000000000000000000e+00,4.822606652917849623e-01
3.135960970483018737e-03,1.000000000000000000e+00,4.874123004630109279e-01
3.136960970483018869e-03,1.000000000000000000e+00,4.925126755827820002e-01
3.137960970483019002e-03,1.000000000000000000e+00,4.975623007013612598e-01
3.138960970483019135e-03,1.000000000000000000e+00,5.025616807938849684e-01
3.139960970483019267e-03,1.000000000000000000e+00,5.075113158108611744e-01
3.140960970483019400e-03,1.000000000000000000e+00,5.124117007281659975e-01
3.141960970483019533e-03,1.000000000000000000e+00,5.172633255965425336e-01
3.142960970483019666e-03,1.000000000000000000e+00,5.220666755906069323e-01
3.143960970483019798e-03,1.000000000000000000e+00,5.268222310573671407e-01
3.144960970483019931e-03,1.000000000000000000e+00,5.315304675642590349e-01
3.145960970483020064e-03,1.000000000000000000e+00,5.361918559467042655e-01
3.146960970483020197e-03,1.000000000000000000e+00,5.408068623551949283e-01
3.147960970483020329e-03,1.000000000000000000e+00,5.453759483019093857e-01
3.148960970483020462e-03,1.000000000000000000e+00,5.498995707068655703e-01
3.149960970483020595e-03,1.000000000000000000e+00,5.543781819436132130e-01
3.150960970483020727e-03,1.000000000000000000e+00,5.588122298844728775e-01
3.151960970483020860e-03,1.000000000000000000e+00,5.632021579453239113e-01
3.152960970483020993e-03,1.000000000000000000e+00,5.675484051299475308e-01
3.153960970483021126e-03,1.000000000000000000e+00,5.718514060739281479e-01
3.154960970483021258e-03,1.000000000000000000e+00,5.761115910881179358e-01
3.155960970483021391e-03,1.000000000000000000e+00,5.803293862016690730e-01
3.156960970483021524e-03,1.000000000000000000e+00,5.845052132046376636e-01
3.157960970483021657e-03,1.000000000000000000e+00,5.886394896901637752e-01
3.158960970483021789e-03,1.000000000000000000e+00,5.927326290962318112e-01
3.159960970483021922e-03,1.000000000000000000e+00,5.967850407470156604e-01
3.160960970483022055e-03,1.000000000000000000e+00,6.007971298938115101e-01
3.161960970483022187e-03,1.000000000000000000e+00,6.047692977555645388e-01
3.162960970483022320e-03,1.000000000000000000e+00,6.087019415589919324e-01
3.163960970483022453e-03,1.000000000000000000e+00,6.125954545783054428e-01
3.164960970483022586e-03,1.000000000000000000e+00,6.164502261745412603e-01
3.165960970483022718e-03,1.000000000000000000e+00,6.202666418344960908e-01
3.166960970483022851e-03,1.000000000000000000e+00,6.240450832092772071e-01
3.167960970483022984e-03,1.000000000000000000e+00,6.277859281524685864e-01
3.168960970483023117e-03,1.000000000000000000e+00,6.314895507579166845e-01
3.169960970483023249e-03,1.000000000000000000e+00,6.351563213971411770e-01
3.170960970483023382e-03,1.000000000000000000e+00,6.387866067563735539e-01
3.171960970483023515e-03,1.000000000000000000e+00,6.423807698732256766e-01
3.172960970483023647e-03,1.000000000000000000e+00,6.459391701729946256e-01
3.173960970483023780e-03,1.000000000000000000e+00,6.494621635046067265e-01
3.174960970483023913e-03,1.000000000000000000e+00,6.529501021762028623e-01
3.175960970483024046e-03,1.000000000000000000e+00,6.564033349903701797e-01
3.176960970483024178e-03,1.000000000000000000e+00,6.598222072790232984e-01
3.177960970483024311e-03,1.000000000000000000e+00,6.632070609379383530e-01
3.178960970483024444e-03,1.000000000000000000e+00,6.665582344609438659e-01
3.179960970483024577e-03,1.000000000000000000e+00,6.698760629737701144e-01
3.180960970483024709e-03,1.000000000000000000e+00,6.731608782675634339e-01
3.181960970483024842e-03,1.000000000000000000e+00,6.764130088320654544e-01
3.182960970483024975e-03,1.000000000000000000e+00,6.796327798884628235e-01
3.183960970483025107e-03,1.000000000000000000e+00,6.828205134219111905e-01
3.184960970483025240e-03,1.000000000000000000e+00,6.859765282137331166e-01
3.185960970483025373e-03,1.000000000000000000e+00,6.891011398732980187e-01
3.186960970483025506e-03,1.000000000000000000e+00,6.921946608695835890e-01
3.187960970483025638e-03,1.000000000000000000e+00,6.952574005624234665e-01
3.188960970483025771e-03,1.000000000000000000e+00,6.982896652334441567e-01
3.189960970483025904e-03,1.000000000000000000e+00,7.012917581166934200e-01
3.190960970483026037e-03,1.000000000000000000e+00,7.042639794289652366e-01
3.191960970483026169e-03,1.000000000000000000e+00,7.072066263998212365e-01
3.192960970483026302e-03,1.000000000000000000e+00,7.101199933013152554e-01
3.193960970483026435e-03,1.000000000000000000e+00,7.130043714774215724e-01
3.194960970483026567e-03,1.000000000000000000e+00,7.158600493731687164e-01
3.195960970483026700e-03,1.000000000000000000e+00,7.186873125634856141e-01
3.196960970483026833e-03,1.000000000000000000e+00,7.214864437817595233e-01
3.197960970483026966e-03,1.000000000000000000e+00,7.242577229481101941e-01
3.198960970483027098e-03,1.000000000000000000e+00,7.270014271973829212e-01
3.199960970483027231e-03,1.000000000000000000e+00,7.297178309068618196e-01
3.200960970483027364e-03,1.000000000000000000e+00,7.324072057237088762e-01
3.201960970483027497e-03,1.000000000000000000e+00,7.350698205921296635e-01
3.202960970483027629e-03,1.000000000000000000e+00,7.377059417802676045e-01
3.203960970483027762e-03,1.000000000000000000e+00,7.403158329068321164e-01
3.204960970483027895e-03,1.000000000000000000e+00,7.428997549674607459e-01
3.205960970483028027e-03,1.000000000000000000e+00,7.454579663608192908e-01
3.206960970483028160e-03,1.000000000000000000e+00,7.479907229144432401e-01
3.207960970483028293e-03,1.000000000000000000e+00,7.504982779103196444e-01
3.208960970483028426e-03,1.000000000000000000e+00,7.529808821102171867e-01
3.209960970483028558e-03,1.000000000000000000e+00,7.554387837807624573e-01
3.210960970483028691e-03,1.000000000000000000e+00,7.578722287182673156e-01
3.211960970483028824e-03,1.000000000000000000e+00,7.602814602733094507e-01
3.212960970483028957e-03,1.000000000000000000e+00,7.626667193750678031e-01
3.213960970483029089e-03,1.000000000000000000e+00,7.650282445554156263e-01
3.214960970483029222e-03,1.000000000000000000e+00,7.673662719727749604e-01
3.215960970483029355e-03,1.000000000000000000e+00,7.696810354357327411e-01
3.216960970483029487e-03,1.000000000000000000e+00,7.719727664264222078e-01
3.217960970483029620e-03,1.000000000000000000e+00,7.742416941236717198e-01
3.218960970483029753e-03,1.000000000000000000e+00,7.764880454259238673e-01
3.219960970483029886e-03,1.000000000000000000e+00,7.787120449739244332e-01
3.220960970483030018e-03,1.000000000000000000e+00,7.809139151731889772e-01
3.221960970483030151e-03,1.000000000000000000e+00,7.830938762162419353e-01
3.222960970483030284e-03,1.000000000000000000e+00,7.852521461046376716e-01
3.223960970483030417e-03,1.000000000000000000e+00,7.873889406707607064e-01
3.224960970483030549e-03,1.000000000000000000e+00,7.895044735994098950e-01
3.225960970483030682e-03,1.000000000000000000e+00,7.915989564491668906e-01
3.226960970483030815e-03,1.000000000000000000e+00,7.936725986735534422e-01
3.227960970483030947e-03,1.000000000000000000e+00,7.957256076419760848e-01
3.228960970483031080e-03,1.000000000000000000e+00,7.977581886604642181e-01
3.229960970483031213e-03,1.000000000000000000e+00,7.997705449922009047e-01
3.230960970483031346e-03,1.000000000000000000e+00,8.017628778778507215e-01
3.231960970483031478e-03,1.000000000000000000e+00,8.037353865556833288e-01
3.232960970483031611e-03,1.000000000000000000e+00,8.056882682814976437e-01
3.233960970483031744e-03,1.000000000000000000e+00,8.076217183483486162e-01
3.234960970483031877e-03,1.000000000000000000e+00,8.095359301060764956e-01
3.235960970483032009e-03,1.000000000000000000e+00,8.114310949806429196e-01
3.236960970483032142e-03,1.000000000000000000e+00,8.133074024932732682e-01
3.237960970483032275e-03,1.000000000000000000e+00,8.151650402794097250e-01
3.238960970483032407e-03,1.000000000000000000e+00,8.170041941074752678e-01
3.239960970483032540e-03,1.000000000000000000e+00,8.188250478974506974e-01
3.240960970483032673e-03,1.000000000000000000e+00,8.206277837392672581e-01
3.241960970483032806e-03,1.000000000000000000e+00,8.224125819110157387e-01
3.242960970483032938e-03,1.000000000000000000e+00,8.241796208969759396e-01
3.243960970483033071e-03,1.000000000000000000e+00,8.259290774054636186e-01
3.244960970483033204e-03,1.000000000000000000e+00,8.276611263865036872e-01
3.245960970483033337e-03,1.000000000000000000e+00,8.293759410493244388e-01
3.246960970483033469e-03,1.000000000000000000e+00,8.310736928796793599e-01
3.247960970483033602e-03,1.000000000000000000e+00,8.327545516569959672e-01
3.248960970483033735e-03,1.000000000000000000e+00,8.344186854713542267e-01
3.249960970483033867e-03,1.000000000000000000e+00,8.360662607402961077e-01
3.250960970483034000e-03,1.000000000000000000e+00,8.376974422254673813e-01
3.251960970483034133e-03,1.000000000000000000e+00,8.393123930490947737e-01
3.252960970483034266e-03,1.000000000000000000e+00,8.409112747102980290e-01
3.253960970483034398e-03,1.000000000000000000e+00,8.424942471012406564e-01
3.254960970483034531e-03,1.000000000000000000e+00,8.440614685231191405e-01
3.255960970483034664e-03,1.000000000000000000e+00,8.456130957019938332e-01
3.256960970483034797e-03,1.000000000000000000e+00,8.471492838044615281e-01
3.257960970483034929e-03,1.000000000000000000e+00,8.486701864531733808e-01
3.258960970483035062e-03,1.000000000000000000e+00,8.501759557421965097e-01
3.259960970483035195e-03,1.000000000000000000e+00,8.516667422522244957e-01
3.260960970483035327e-03,1.000000000000000000e+00,8.531426950656351149e-01
3.261960970483035460e-03,1.000000000000000000e+00,8.546039617813998568e-01
3.262960970483035593e-03,1.000000000000000000e+00,8.560506885298436730e-01
3.263960970483035726e-03,1.000000000000000000e+00,8.574830199872581771e-01
3.264960970483035858e-03,1.000000000000000000e+00,8.589010993903700708e-01
3.265960970483035991e-03,1.000000000000000000e+00,8.603050685506647977e-01
3.266960970483036124e-03,1.000000000000000000e+00,8.616950678685688647e-01
3.267960970483036257e-03,1.000000000000000000e+00,8.630712363474888349e-01
3.268960970483036389e-03,1.000000000000000000e+00,8.644337116077128735e-01
3.269960970483036522e-03,1.000000000000000000e+00,8.657826299001735171e-01
3.270960970483036655e-03,1.000000000000000000e+00,8.671181261200723300e-01
3.271960970483036787e-03,1.000000000000000000e+00,8.684403338203701139e-01
3.272960970483036920e-03,1.000000000000000000e+00,8.697493852251425572e-01
3.273960970483037053e-03,1.000000000000000000e+00,8.710454112428029916e-01
3.274960970483037186e-03,1.000000000000000000e+00,8.723285414791933645e-01
3.275960970483037318e-03,1.000000000000000000e+00,8.735989042505447610e-01
3.276960970483037451e-03,1.000000000000000000e+00,8.748566265963104716e-01
3.277960970483037584e-03,1.000000000000000000e+00,8.761018342918698298e-01
3.278960970483037717e-03,1.000000000000000000e+00,8.773346518611051525e-01
3.279960970483037849e-03,1.000000000000000000e+00,8.785552025888555550e-01
3.280960970483037982e-03,1.000000000000000000e+00,8.797636085332450895e-01
3.281960970483038115e-03,1.000000000000000000e+00,8.809599905378896478e-01
3.282960970483038247e-03,1.000000000000000000e+00,8.821444682439802953e-01
3.283960970483038380e-03,1.000000000000000000e+00,8.833171601022493657e-01
3.284960970483038513e-03,1.000000000000000000e+00,8.844781833848142094e-01
3.285960970483038646e-03,1.000000000000000000e+00,8.856276541969058114e-01
3.286960970483038778e-03,1.000000000000000000e+00,8.867656874884789486e-01
3.287960970483038911e-03,1.000000000000000000e+00,8.878923970657082165e-01
3.288960970483039044e-03,1.000000000000000000e+00,8.890078956023681478e-01
3.289960970483039177e-03,1.000000000000000000e+00,8.901122946511009770e-01
3.290960970483039309e-03,1.000000000000000000e+00,8.912057046545726058e-01
3.291960970483039442e-03,1.000000000000000000e+00,8.922882349565172122e-01
3.292960970483039575e-03,1.000000000000000000e+00,8.933599938126715045e-01
3.293960970483039707e-03,1.000000000000000000e+00,8.944210884016000618e-01
3.294960970483039840e-03,1.000000000000000000e+00,8.954716248354148700e-01
3.295960970483039973e-03,1.000000000000000000e+00,8.965117081703859458e-01
3.296960970483040106e-03,1.000000000000000000e+00,8.975414424174469330e-01
3.297960970483040238e-03,1.000000000000000000e+00,8.985609305525967816e-01
3.298960970483040371e-03,1.000000000000000000e+00,8.995702745271978440e-01
3.299960970483040504e-03,1.000000000000000000e+00,9.005695752781711638e-01
3.300960970483040637e-03,1.000000000000000000e+00,9.015589327380899576e-01
3.301960970483040769e-03,1.000000000000000000e+00,9.025384458451740644e-01
3.302960970483040902e-03,1.000000000000000000e+00,9.035082125531823660e-01
3.303960970483041035e-03,1.000000000000000000e+00,9.044683298412102834e-01
3.304960970483041167e-03,1.000000000000000000e+00,9.054188937233873524e-01
3.305960970483041300e-03,1.000000000000000000e+00,9.063599992584779885e-01
3.306960970483041433e-03,1.000000000000000000e+00,9.072917405593885487e-01
3.307960970483041566e-03,1.000000000000000000e+00,9.082142108025788030e-01
3.308960970483041698e-03,1.000000000000000000e+00,9.091275022373790371e-01
3.309960970483041831e-03,1.000000000000000000e+00,9.100317061952162279e-01
3.310960970483041964e-03,1.000000000000000000e+00,9.109269130987467378e-01
3.311960970483042097e-03,1.000000000000000000e+00,9.118132124708986375e-01
3.312960970483042229e-03,1.000000000000000000e+00,9.126906929438252103e-01
3.313960970483042362e-03,1.000000000000000000e+00,9.135594422677675297e-01
3.314960970483042495e-03,1.000000000000000000e+00,9.144195473198297730e-01
3.315960970483042627e-03,1.000000000000000000e+00,9.152710941126673827e-01
3.316960970483042760e-03,1.000000000000000000e+00,9.161141678030886304e-01
3.317960970483042893e-03,1.000000000000000000e+00,9.169488527005702494e-01
3.318960970483043026e-03,1.000000000000000000e+00,9.177752322756890235e-01
3.319960970483043158e-03,1.000000000000000000e+00,9.185933891684683328e-01
3.320960970483043291e-03,1.000000000000000000e+00,9.194034051966429866e-01
3.321960970483043424e-03,1.000000000000000000e+00,9.202053613638407903e-01
3.322960970483043557e-03,1.000000000000000000e+00,9.209993378676830655e-01
3.323960970483043689e-03,1.000000000000000000e+00,9.217854141078057895e-01
3.324960970483043822e-03,1.000000000000000000e+00,9.225636686937980224e-01
3.325960970483043955e-03,1.000000000000000000e+00,9.233341794530639524e-01
3.326960970483044087e-03,1.000000000000000000e+00,9.240970234386056692e-01
3.327960970483044220e-03,1.000000000000000000e+00,9.248522769367292229e-01
3.328960970483044353e-03,1.000000000000000000e+00,9.256000154746724107e-01
3.329960970483044486e-03,1.000000000000000000e+00,9.263403138281581795e-01
3.330960970483044618e-03,1.000000000000000000e+00,9.270732460288730881e-01
3.331960970483044751e-03,1.000000000000000000e+00,9.277988853718694973e-01
3.332960970483044884e-03,1.000000000000000000e+00,9.285173044228959283e-01
3.333960970483045017e-03,1.000000000000000000e+00,9.292285750256532584e-01
3.334960970483045149e-03,1.000000000000000000e+00,9.299327683089801955e-01
3.335960970483045282e-03,1.000000000000000000e+00,9.306299546939655887e-01
3.336960970483045415e-03,1.000000000000000000e+00,9.313202039009910171e-01
3.337960970483045547e-03,1.000000000000000000e+00,9.320035849567027686e-01
3.338960970483045680e-03,1.000000000000000000e+00,9.326801662009148730e-01
3.339960970483045813e-03,1.000000000000000000e+00,9.333500152934434135e-01
3.340960970483045946e-03,1.000000000000000000e+00,9.340131992208718925e-01
3.341960970483046078e-03,1.000000000000000000e+00,9.346697843032513164e-01
3.342960970483046211e-03,1.000000000000000000e+00,9.353198362007313360e-01
3.343960970483046344e-03,1.000000000000000000e+00,9.359634199201271043e-01
3.344960970483046477e-03,1.000000000000000000e+00,9.366005998214191886e-01
3.345960970483046609e-03,1.000000000000000000e+00,9.372314396241909762e-01
3.346960970483046742e-03,1.000000000000000000e+00,9.378560024140001339e-01
3.347960970483046875e-03,1.000000000000000000e+00,9.384743506486865616e-01
3.348960970483047007e-03,1.000000000000000000e+00,9.390865461646199508e-01
3.349960970483047140e-03,1.000000000000000000e+00,9.396926501828822831e-01
3.350960970483047273e-03,1.000000000000000000e+00,9.402927233153910436e-01
3.351960970483047406e-03,1.000000000000000000e+00,9.408868255709595951e-01
3.352960970483047538e-03,1.000000000000000000e+00,9.414750163612983780e-01
3.353960970483047671e-03,1.000000000000000000e+00,9.420573545069571564e-01
3.354960970483047804e-03,1.000000000000000000e+00,9.426338982432064251e-01
3.355960970483047937e-03,1.000000000000000000e+00,9.432047052258611952e-01
3.356960970483048069e-03,1.000000000000000000e+00,9.437698325370467156e-01
3.357960970483048202e-03,1.000000000000000000e+00,9.443293366909067954e-01
3.358960970483048335e-03,1.000000000000000000e+00,9.448832736392561715e-01
3.359960970483048467e-03,1.000000000000000000e+00,9.454316987771741454e-01
3.360960970483048600e-03,1.000000000000000000e+00,9.459746669485455950e-01
3.361960970483048733e-03,1.000000000000000000e+00,9.465122324515452545e-01
3.362960970483048866e-03,1.000000000000000000e+00,9.470444490440671492e-01
3.363960970483048998e-03,1.000000000000000000e+00,9.475713699491011832e-01
3.364960970483049131e-03,1.000000000000000000e+00,9.480930478600555489e-01
3.365960970483049264e-03,1.000000000000000000e+00,9.486095349460252901e-01
3.366960970483049397e-03,1.000000000000000000e+00,9.491208828570101286e-01
3.367960970483049529e-03,1.000000000000000000e+00,9.496271427290796652e-01
3.368960970483049662e-03,1.000000000000000000e+00,9.501283651894869564e-01
3.369960970483049795e-03,1.000000000000000000e+00,9.506246003617309093e-01
3.370960970483049927e-03,1.000000000000000000e+00,9.511158978705693823e-01
3.371960970483050060e-03,1.000000000000000000e+00,9.516023068469816604e-01
3.372960970483050193e-03,1.000000000000000000e+00,9.520838759330813028e-01
3.373960970483050326e-03,1.000000000000000000e+00,9.525606532869809184e-01
3.374960970483050458e-03,1.000000000000000000e+00,9.530326865876079800e-01
3.375960970483050591e-03,1.000000000000000000e+00,9.535000230394726772e-01
3.376960970483050724e-03,1.000000000000000000e+00,9.539627093773883626e-01
3.377960970483050857e-03,1.000000000000000000e+00,9.544207918711459238e-01
3.378960970483050989e-03,1.000000000000000000e+00,9.548743163301396386e-01
3.379960970483051122e-03,1.000000000000000000e+00,9.553233281079491768e-01
3.380960970483051255e-03,1.000000000000000000e+00,9.557678721068751937e-01
3.381960970483051387e-03,1.000000000000000000e+00,9.562079927824286285e-01
3.382960970483051520e-03,1.000000000000000000e+00,9.566437341477779244e-01
3.383960970483051653e-03,1.000000000000000000e+00,9.570751397781485093e-01
3.384960970483051786e-03,1.000000000000000000e+00,9.575022528151818646e-01
3.385960970483051918e-03,1.000000000000000000e+00,9.579251159712497410e-01
3.386960970483052051e-03,1.000000000000000000e+00,9.583437715337250751e-01
3.387960970483052184e-03,1.000000000000000000e+00,9.587582613692106071e-01
3.388960970483052317e-03,1.000000000000000000e+00,9.591686269277259758e-01
3.389960970483052449e-03,1.000000000000000000e+00,9.595749092468531805e-01
3.390960970483052582e-03,1.000000000000000000e+00,9.599771489558397430e-01
3.391960970483052715e-03,1.000000000000000000e+00,9.603753862796622354e-01
3.392960970483052847e-03,1.000000000000000000e+00,9.607696610430487283e-01
3.393960970483052980e-03,1.000000000000000000e+00,9.611600126744613837e-01
3.394960970483053113e-03,1.000000000000000000e+00,9.615464802100388564e-01
3.395960970483053246e-03,1.000000000000000000e+00,9.619291022975013927e-01
3.396960970483053378e-03,1.000000000000000000e+00,9.623079172000140735e-01
3.397960970483053511e-03,1.000000000000000000e+00,9.626829628000139749e-01
3.398960970483053644e-03,1.000000000000000000e+00,9.630542766029989155e-01
3.399960970483053777e-03,1.000000000000000000e+00,9.634218957412774564e-01
3.400960970483053909e-03,1.000000000000000000e+00,9.637858569776827089e-01
3.401960970483054042e-03,1.000000000000000000e+00,9.641461967092480601e-01
3.402960970483054175e-03,1.000000000000000000e+00,9.645029509708478166e-01
3.403960970483054307e-03,1.000000000000000000e+00,9.648561554387997674e-01
3.404960970483054440e-03,1.000000000000000000e+00,9.652058454344337735e-01
3.405960970483054573e-03,1.000000000000000000e+00,9.655520559276237202e-01
3.406960970483054706e-03,1.000000000000000000e+00,9.658948215402843873e-01
3.407960970483054838e-03,1.000000000000000000e+00,9.662341765498339008e-01
3.408960970483054971e-03,1.000000000000000000e+00,9.665701548926217690e-01
3.409960970483055104e-03,1.000000000000000000e+00,9.669027901673220571e-01
3.410960970483055237e-03,1.000000000000000000e+00,9.672321156382941432e-01
3.411960970483055369e-03,1.000000000000000000e+00,9.675581642389081694e-01
3.412960970483055502e-03,1.000000000000000000e+00,9.678809685748395175e-01
3.413960970483055635e-03,1.000000000000000000e+00,9.682005609273286462e-01
3.414960970483055767e-03,1.000000000000000000e+00,9.685169732564098410e-01
3.415960970483055900e-03,1.000000000000000000e+00,9.688302372041073252e-01
3.416960970483056033e-03,1.000000000000000000e+00,9.691403840975989503e-01
3.417960970483056166e-03,1.000000000000000000e+00,9.694474449523492465e-01
3.418960970483056298e-03,1.000000000000000000e+00,9.697514504752116071e-01
3.419960970483056431e-03,1.000000000000000000e+00,9.700524310674981665e-01
3.420960970483056564e-03,1.000000000000000000e+00,9.703504168280205899e-01
3.421960970483056697e-03,1.000000000000000000e+00,9.706454375560999992e-01
3.422960970483056829e-03,1.000000000000000000e+00,9.709375227545467002e-01
3.423960970483056962e-03,1.000000000000000000e+00,9.712267016326110447e-01
3.424960970483057095e-03,1.000000000000000000e+00,9.715130031089036500e-01
3.425960970483057227e-03,1.000000000000000000e+00,9.717964558142878628e-01
3.426960970483057360e-03,1.000000000000000000e+00,9.720770880947429138e-01
3.427960970483057493e-03,1.000000000000000000e+00,9.723549280141982054e-01
3.428960970483057626e-03,1.000000000000000000e+00,9.726300033573406223e-01
3.429960970483057758e-03,1.000000000000000000e+00,9.729023416323919760e-01
3.430960970483057891e-03,1.000000000000000000e+00,9.731719700738608037e-01
3.431960970483058024e-03,1.000000000000000000e+00,9.734389156452651903e-01
3.432960970483058157e-03,1.000000000000000000e+00,9.737032050418297224e-01
3.433960970483058289e-03,1.000000000000000000e+00,9.739648646931550191e-01
3.434960970483058422e-03,1.000000000000000000e+00,9.742239207658602851e-01
3.435960970483058555e-03,1.000000000000000000e+00,9.744803991662001064e-01
3.436960970483058687e-03,1.000000000000000000e+00,9.747343255426558217e-01
3.437960970483058820e-03,1.000000000000000000e+00,9.749857252884999159e-01
3.438960970483058953e-03,1.000000000000000000e+00,9.752346235443358768e-01
3.439960970483059086e-03,1.000000000000000000e+00,9.754810452006112964e-01
3.440960970483059218e-03,1.000000000000000000e+00,9.757250149001079897e-01
3.441960970483059351e-03,1.000000000000000000e+00,9.759665570404055801e-01
3.442960970483059484e-03,1.000000000000000000e+00,9.762056957763221021e-01
3.443960970483059617e-03,1.000000000000000000e+00,9.764424550223290700e-01
3.444960970483059749e-03,1.000000000000000000e+00,9.766768584549427867e-01
3.445960970483059882e-03,1.000000000000000000e+00,9.769089295150927832e-01
3.446960970483060015e-03,1.000000000000000000e+00,9.771386914104651655e-01
3.447960970483060147e-03,1.000000000000000000e+00,9.773661671178237587e-01
3.448960970483060280e-03,1.000000000000000000e+00,9.775913793853080458e-01
3.449960970483060413e-03,1.000000000000000000e+00,9.778143507347080154e-01
3.450960970483060546e-03,1.000000000000000000e+00,9.780351034637162488e-01
3.451960970483060678e-03,1.000000000000000000e+00,9.782536596481569147e-01
3.452960970483060811e-03,1.000000000000000000e+00,9.784700411441952239e-01
3.453960970483060944e-03,1.000000000000000000e+00,9.786842695905215717e-01
3.454960970483061077e-03,1.000000000000000000e+00,9.788963664105163609e-01
3.455960970483061209e-03,1.000000000000000000e+00,9.791063528143919559e-01
3.456960970483061342e-03,1.000000000000000000e+00,9.793142498013134301e-01
3.457960970483061475e-03,1.000000000000000000e+00,9.795200781614996632e-01
3.458960970483061607e-03,1.000000000000000000e+00,9.797238584783007909e-01
3.459960970483061740e-03,1.000000000000000000e+00,9.799256111302583339e-01
3.460960970483061873e-03,1.000000000000000000e+00,9.801253562931415697e-01
3.461960970483062006e-03,1.000000000000000000e+00,9.803231139419661400e-01
3.462960970483062138e-03,1.000000000000000000e+00,9.805189038529913415e-01
3.463960970483062271e-03,1.000000000000000000e+00,9.807127456056980996e-01
3.464960970483062404e-03,1.000000000000000000e+00,9.809046585847458477e-01
3.465960970483062537e-03,1.000000000000000000e+00,9.810946619819127523e-01
3.466960970483062669e-03,1.000000000000000000e+00,9.812827747980132909e-01
3.467960970483062802e-03,1.000000000000000000e+00,9.814690158447992863e-01
3.468960970483062935e-03,1.000000000000000000e+00,9.816534037468412910e-01
3.469960970483063067e-03,1.000000000000000000e+00,9.818359569433900980e-01
3.470960970483063200e-03,1.000000000000000000e+00,9.820166936902220423e-01
3.471960970483063333e-03,1.000000000000000000e+00,9.821956320614636526e-01
3.472960970483063466e-03,1.000000000000000000e+00,9.823727899513994277e-01
3.473960970483063598e-03,1.000000000000000000e+00,9.825481850762611824e-01
3.474960970483063731e-03,1.000000000000000000e+00,9.827218349759996308e-01
3.475960970483063864e-03,1.000000000000000000e+00,9.828937570160394266e-01
3.476960970483063997e-03,1.000000000000000000e+00,9.830639683890143310e-01
3.477960970483064129e-03,1.000000000000000000e+00,9.832324861164869478e-01
3.478960970483064262e-03,1.000000000000000000e+00,9.833993270506512507e-01
3.479960970483064395e-03,1.000000000000000000e+00,9.835645078760180127e-01
3.480960970483064527e-03,1.000000000000000000e+00,9.837280451110824719e-01
3.481960970483064660e-03,1.000000000000000000e+00,9.838899551099772323e-01
3.482960970483064793e-03,1.000000000000000000e+00,9.840502540641070661e-01
3.483960970483064926e-03,1.000000000000000000e+00,9.842089580037678420e-01
3.484960970483065058e-03,1.000000000000000000e+00,9.843660827997502416e-01
3.485960970483065191e-03,1.000000000000000000e+00,9.845216441649269346e-01
3.486960970483065324e-03,1.000000000000000000e+00,9.846756576558234331e-01
3.487960970483065457e-03,1.000000000000000000e+00,9.848281386741737364e-01
3.488960970483065589e-03,1.000000000000000000e+00,9.849791024684607654e-01
3.489960970483065722e-03,1.000000000000000000e+00,9.851285641354415867e-01
3.490960970483065855e-03,1.000000000000000000e+00,9.852765386216563170e-01
3.491960970483065987e-03,1.000000000000000000e+00,9.854230407249237045e-01
3.492960970483066120e-03,1.000000000000000000e+00,9.855680850958200567e-01
3.493960970483066253e-03,1.000000000000000000e+00,9.857116862391452905e-01
3.494960970483066386e-03,1.000000000000000000e+00,9.858538585153726608e-01
3.495960970483066518e-03,1.000000000000000000e+00,9.859946161420852784e-01
3.496960970483066651e-03,1.000000000000000000e+00,9.861339731953978616e-01
3.497960970483066784e-03,1.000000000000000000e+00,9.862719436113642768e-01
3.498960970483066917e-03,1.000000000000000000e+00,9.864085411873705356e-01
3.499960970483067049e-03,1.000000000000000000e+00,9.865437795835161339e-01
3.500960970483067182e-03,1.000000000000000000e+00,9.866776723239787383e-01
3.501000000000000206e-03,9.999999999997831734e-01,9.866828709496154870e-01
3.501078059033866253e-03,8.438819322676887058e-01,9.865714888603114296e-01
3.501234177101598347e-03,5.316457968034997705e-01,9.861053600266437291e-01
3.501546413237062536e-03,-9.282647412487810001e-02,9.837151904927843304e-01
3.501999999999999905e-03,-9.999999999996149747e-01,9.767904353757413949e-01
3.502062447227092829e-03,-1.000000000000000000e+00,9.755567549626221746e-01
3.502187341681278678e-03,-1.000000000000000000e+00,9.730909339732163321e-01
3.502437130589649943e-03,-1.000000000000000000e+00,9.681685194907713177e-01
3.502936708406392471e-03,-1.000000000000000000e+00,9.583604855521897781e-01
3.503935864039877963e-03,-1.000000000000000000e+00,9.388906832501074939e-01
3.504935864039878095e-03,-1.000000000000000000e+00,9.195982386406538200e-01
3.505935864039878228e-03,-1.000000000000000000e+00,9.004977586541796919e-01
3.506935864039878361e-03,-1.000000000000000000e+00,8.815873331949339864e-01
3.507935864039878494e-03,-1.000000000000000000e+00,8.628650711730937450e-01
3.508935864039878626e-03,-1.000000000000000000e+00,8.443291003156502272e-01
3.509935864039878759e-03,-1.000000000000000000e+00,8.259775669791761255e-01
3.510935864039878892e-03,-1.000000000000000000e+00,8.078086359644580661e-01
3.511935864039879025e-03,-1.000000000000000000e+00,7.898204903329710813e-01
3.512935864039879157e-03,-1.000000000000000000e+00,7.720113312251806192e-01
3.513935864039879290e-03,-1.000000000000000000e+00,7.543793776806514417e-01
3.514935864039879423e-03,-1.000000000000000000e+00,7.369228664599483114e-01
3.515935864039879555e-03,-1.000000000000000000e+00,7.196400518683069292e-01
3.516935864039879688e-03,-1.000000000000000000e+00,7.025292055810601344e-01
3.517935864039879821e-03,-1.000000000000000000e+00,6.855886164708010488e-01
3.518935864039879954e-03,-1.000000000000000000e+00,6.688165904362656233e-01
3.519935864039880086e-03,-1.000000000000000000e+00,6.522114502329197094e-01
3.520935864039880219e-03,-1.000000000000000000e+00,6.357715353052292295e-01
3.521935864039880352e-03,-1.000000000000000000e+00,6.194952016206003442e-01
3.522935864039880485e-03,-1.000000000000000000e+00,6.033808215049725199e-01
3.523935864039880617e-03,-1.000000000000000000e+00,5.874267834800475097e-01
3.524935864039880750e-03,-1.000000000000000000e+00,5.716314921021365958e-01
3.525935864039880883e-03,-1.000000000000000000e+00,5.559933678026128812e-01
3.526935864039881015e-03,-1.000000000000000000e+00,5.405108467299502006e-01
3.527935864039881148e-03,-1.000000000000000000e+00,5.251823805933338862e-01
3.528935864039881281e-03,-1.000000000000000000e+00,5.100064365078280648e-01
3.529935864039881414e-03,-1.000000000000000000e+00,4.949814968410834459e-01
3.530935864039881546e-03,-1.000000000000000000e+00,4.801060590615701118e-01
3.531935864039881679e-03,-1.000000000000000000e+00,4.653786355883206549e-01
3.532935864039881812e-03,-1.000000000000000000e+00,4.507977536421682307e-01
3.533935864039881945e-03,-1.000000000000000000e+00,4.363619550984652040e-01
3.534935864039882077e-03,-1.000000000000000000e+00,4.220697963412665121e-01
3.535935864039882210e-03,-1.000000000000000000e+00,4.079198481189653114e-01
3.536935864039882343e-03,-1.000000000000000000e+00,3.939106954013637529e-01
3.537935864039882475e-03,-1.000000000000000000e+00,3.800409372381661210e-01
3.538935864039882608e-03,-1.000000000000000000e+00,3.663091866188809553e-01
3.539935864039882741e-03,-1.000000000000000000e+00,3.527140703341159478e-01
3.540935864039882874e-03,-1.000000000000000000e+00,3.392542288382540683e-01
3.541935864039883006e-03,-1.000000000000000000e+00,3.259283161134954310e-01
3.542935864039883139e-03,-1.000000000000000000e+00,3.127349995352516343e-01
3.543935864039883272e-03,-1.000000000000000000e+00,2.996729597388809174e-01
3.544935864039883405e-03,-1.000000000000000000e+00,2.867408904877478681e-01
3.545935864039883537e-03,-1.000000000000000000e+00,2.739374985425961917e-01
3.546935864039883670e-03,-1.000000000000000000e+00,2.612615035322221058e-01
3.547935864039883803e-03,-1.000000000000000000e+00,2.487116378254338178e-01
3.548935864039883935e-03,-1.000000000000000000e+00,2.362866464042851777e-01
3.549935864039884068e-03,-1.000000000000000000e+00,2.239852867385708768e-01
3.550935864039884201e-03,-1.000000000000000000e+00,2.118063286615701479e-01
3.551935864039884334e-03,-1.000000000000000000e+00,1.997485542470271436e-01
3.552935864039884466e-03,-1.000000000000000000e+00,1.878107576873552231e-01
3.553935864039884599e-03,-1.000000000000000000e+00,1.759917451730531879e-01
3.554935864039884732e-03,-1.000000000000000000e+00,1.642903347733213337e-01
3.555935864039884865e-03,-1.000000000000000000e+00,1.527053563178653595e-01
3.556935864039884997e-03,-1.000000000000000000e+00,1.412356512798766395e-01
3.557935864039885130e-03,-1.000000000000000000e+00,1.298800726601763433e-01
3.558935864039885263e-03,-1.000000000000000000e+00,1.186374848725128689e-01
3.559935864039885395e-03,-1.000000000000000000e+00,1.075067636300002932e-01
3.560935864039885528e-03,-1.000000000000000000e+00,9.648679583268685023e-02
3.561935864039885661e-03,-1.000000000000000000e+00,8.557647945624222152e-02
3.562935864039885794e-03,-1.000000000000000000e+00,7.477472344175224717e-02
3.563935864039885926e-03,-1.000000000000000000e+00,6.408044758661042561e-02
3.564935864039886059e-03,-1.000000000000000000e+00,5.349258243649488570e-02
3.565935864039886192e-03,-1.000000000000000000e+00,4.301006917842029043e-02
3.566935864039886325e-03,-1.000000000000000000e+00,3.263185953485392421e-02
3.567935864039886457e-03,-1.000000000000000000e+00,2.235691565888523608e-02
3.568935864039886590e-03,-1.000000000000000000e+00,1.218421003043861951e-02
3.569935864039886723e-03,-1.000000000000000000e+00,2.112725353518830722e-03
3.570935864039886855e-03,-1.000000000000000000e+00,-7.858545545521159262e-03
3.571935864039886988e-03,-1.000000000000000000e+00,-1.773059981870005533e-02
3.572935864039887121e-03,-1.000000000000000000e+00,-2.750442469612593074e-02
3.573935864039887254e-03,-1.000000000000000000e+00,-3.718099758472168809e-02
3.574935864039887386e-03,-1.000000000000000000e+00,-4.676128616596824522e-02
3.575935864039887519e-03,-1.000000000000000000e+00,-5.624624849267505222e-02
3.576935864039887652e-03,-1.000000000000000000e+00,-6.563683308478776568e-02
3.577935864039887785e-03,-1.000000000000000000e+00,-7.493397902424263346e-02
3.578935864039887917e-03,-1.000000000000000000e+00,-8.413861604887705459e-02
3.579935864039888050e-03,-1.000000000000000000e+00,-9.325166464540567135e-02
3.580935864039888183e-03,-1.000000000000000000e+00,-1.022740361414713334e-01
3.581935864039888315e-03,-1.000000000000000000e+00,-1.112066327967801277e-01
3.582935864039888448e-03,-1.000000000000000000e+00,-1.200503478933296203e-01
3.583935864039888581e-03,-1.000000000000000000e+00,-1.288060658247393020e-01
3.584935864039888714e-03,-1.000000000000000000e+00,-1.374746621846921757e-01
3.585935864039888846e-03,-1.000000000000000000e+00,-1.460570038544962423e-01
3.586935864039888979e-03,-1.000000000000000000e+00,-1.545539490897749335e-01
3.587935864039889112e-03,-1.000000000000000000e+00,-1.629663476062946648e-01
3.588935864039889245e-03,-1.000000000000000000e+00,-1.712950406649385304e-01
3.589935864039889377e-03,-1.000000000000000000e+00,-1.795408611558347300e-01
3.590935864039889510e-03,-1.000000000000000000e+00,-1.877046336816474148e-01
3.591935864039889643e-03,-1.000000000000000000e+00,-1.957871746400390300e-01
3.592935864039889775e-03,-1.000000000000000000e+00,-2.037892923053123417e-01
3.593935864039889908e-03,-1.000000000000000000e+00,-2.117117869092396687e-01
3.594935864039890041e-03,-1.000000000000000000e+00,-2.195554507210880635e-01
3.595935864039890174e-03,-1.000000000000000000e+00,-2.273210681268484357e-01
3.596935864039890306e-03,-1.000000000000000000e+00,-2.350094157076758894e-01
3.597935864039890439e-03,-1.000000000000000000e+00,-2.426212623175497962e-01
3.598935864039890572e-03,-1.000000000000000000e+00,-2.501573691601612914e-01
3.599935864039890705e-03,-1.000000000000000000e+00,-2.576184898650353827e-01
3.600935864039890837e-03,-1.000000000000000000e+00,-2.650053705628957479e-01
3.601935864039890970e-03,-1.000000000000000000e+00,-2.723187499602798822e-01
3.602935864039891103e-03,-1.000000000000000000e+00,-2.795593594134114790e-01
3.603935864039891235e-03,-1.000000000000000000e+00,-2.867279230013378144e-01
3.604935864039891368e-03,-1.000000000000000000e+00,-2.938251575983394925e-01
3.605935864039891501e-03,-1.000000000000000000e+00,-3.008517729456197110e-01
3.606935864039891634e-03,-1.000000000000000000e+00,-3.078084717222802080e-01
3.607935864039891766e-03,-1.000000000000000000e+00,-3.146959496155909419e-01
3.608935864039891899e-03,-1.000000000000000000e+00,-3.215148953905602180e-01
3.609935864039892032e-03,-1.000000000000000000e+00,-3.282659909588133140e-01
3.610935864039892165e-03,-1.000000000000000000e+00,-3.349499114467854310e-01
3.611935864039892297e-03,-1.000000000000000000e+00,-3.415673252632353551e-01
3.612935864039892430e-03,-1.000000000000000000e+00,-3.481188941660887104e-01
3.613935864039892563e-03,-1.000000000000000000e+00,-3.546052733286151892e-01
3.614935864039892695e-03,-1.000000000000000000e+00,-3.610271114049473651e-01
3.615935864039892828e-03,-1.000000000000000000e+00,-3.673850505949479150e-01
3.616935864039892961e-03,-1.000000000000000000e+00,-3.736797267084310814e-01
3.617935864039893094e-03,-1.000000000000000000e+00,-3.799117692287452552e-01
3.618935864039893226e-03,-1.000000000000000000e+00,-3.860818013757229550e-01
3.619935864039893359e-03,-1.000000000000000000e+00,-3.921904401680043062e-01
3.620935864039893492e-03,-1.000000000000000000e+00,-3.982382964847406281e-01
3.621935864039893625e-03,-1.000000000000000000e+00,-4.042259751266834567e-01
3.622935864039893757e-03,-1.000000000000000000e+00,-4.101540748766667188e-01
3.623935864039893890e-03,-1.000000000000000000e+00,-4.160231885594859458e-01
3.624935864039894023e-03,-1.000000000000000000e+00,-4.218339031011825724e-01
3.625935864039894155e-03,-1.000000000000000000e+00,-4.275867995877379868e-01
3.626935864039894288e-03,-1.000000000000000000e+00,-4.332824533231834363e-01
3.627935864039894421e-03,-1.000000000000000000e+00,-4.389214338871318954e-01
3.628935864039894554e-03,-1.000000000000000000e+00,-4.445043051917376142e-01
3.629935864039894686e-03,-1.000000000000000000e+00,-4.500316255380885089e-01
3.630935864039894819e-03,-1.000000000000000000e+00,-4.555039476720379454e-01
3.631935864039894952e-03,-1.000000000000000000e+00,-4.609218188394804128e-01
3.632935864039895085e-03,-1.000000000000000000e+00,-4.662857808410777460e-01
3.633935864039895217e-03,-1.000000000000000000e+00,-4.715963700864402308e-01
3.634935864039895350e-03,-1.000000000000000000e+00,-4.768541176477691379e-01
3.635935864039895483e-03,-1.000000000000000000e+00,-4.820595493129655185e-01
3.636935864039895615e-03,-1.000000000000000000e+00,-4.872131856382097559e-01
3.637935864039895748e-03,-1.000000000000000000e+00,-4.923155420000187021e-01
3.638935864039895881e-03,-1.000000000000000000e+00,-4.973671286467846731e-01
3.639935864039896014e-03,-1.000000000000000000e+00,-5.023684507498018537e-01
3.640935864039896146e-03,-1.000000000000000000e+00,-5.073200084537839993e-01
3.641935864039896279e-03,-1.000000000000000000e+00,-5.122222969268805937e-01
3.642935864039896412e-03,-1.000000000000000000e+00,-5.170758064101952378e-01
3.643935864039896545e-03,-1.000000000000000000e+00,-5.218810222668102128e-01
3.644935864039896677e-03,-1.000000000000000000e+00,-5.266384250303246528e-01
3.645935864039896810e-03,-1.000000000000000000e+00,-5.313484904529085506e-01
3.646935864039896943e-03,-1.000000000000000000e+00,-5.360116895528795888e-01
3.647935864039897075e-03,-1.000000000000000000e+00,-5.406284886618062391e-01
3.648935864039897208e-03,-1.000000000000000000e+00,-5.451993494711415700e-01
3.649935864039897341e-03,-1.000000000000000000e+00,-5.497247290783938700e-01
3.650935864039897474e-03,-1.000000000000000000e+00,-5.542050800328377491e-01
3.651935864039897606e-03,-1.000000000000000000e+00,-5.586408503807697157e-01
3.652935864039897739e-03,-1.000000000000000000e+00,-5.630324837103144464e-01
3.653935864039897872e-03,-1.000000000000000000e+00,-5.673804191957840803e-01
3.654935864039898005e-03,-1.000000000000000000e+00,-5.716850916415970874e-01
3.655935864039898137e-03,-1.000000000000000000e+00,-5.759469315257602640e-01
3.656935864039898270e-03,-1.000000000000000000e+00,-5.801663650429169650e-01
3.657935864039898403e-03,-1.000000000000000000e+00,-5.843438141469675662e-01
3.658935864039898535e-03,-1.000000000000000000e+00,-5.884796965932664881e-01
3.659935864039898668e-03,-1.000000000000000000e+00,-5.925744259803982228e-01
3.660935864039898801e-03,-1.000000000000000000e+00,-5.966284117915385821e-01
3.661935864039898934e-03,-1.000000000000000000e+00,-6.006420594354039411e-01
3.662935864039899066e-03,-1.000000000000000000e+00,-6.046157702867931416e-01
3.663935864039899199e-03,-1.000000000000000000e+00,-6.085499417267256073e-01
3.664935864039899332e-03,-1.000000000000000000e+00,-6.124449671821811103e-01
3.665935864039899465e-03,-1.000000000000000000e+00,-6.163012361654431892e-01
3.666935864039899597e-03,-1.000000000000000000e+00,-6.201191343130506572e-01
3.667935864039899730e-03,-1.000000000000000000e+00,-6.238990434243635308e-01
3.668935864039899863e-03,-1.000000000000000000e+00,-6.276413414997429330e-01
3.669935864039899995e-03,-1.000000000000000000e+00,-6.313464027783526333e-01
3.670935864039900128e-03,-1.000000000000000000e+00,-6.350145977755832227e-01
3.671935864039900261e-03,-1.000000000000000000e+00,-6.386462933201050296e-01
3.672935864039900394e-03,-1.000000000000000000e+00,-6.422418525905518871e-01
3.673935864039900526e-03,-1.000000000000000000e+00,-6.458016351518399700e-01
3.674935864039900659e-03,-1.000000000000000000e+00,-6.493259969911250318e-01
3.675935864039900792e-03,-1.000000000000000000e+00,-6.528152905534023720e-01
3.676935864039900925e-03,-1.000000000000000000e+00,-6.562698647767516436e-01
3.677935864039901057e-03,-1.000000000000000000e+00,-6.596900651272318283e-01
3.678935864039901190e-03,-1.000000000000000000e+00,-6.630762336334287133e-01
3.679935864039901323e-03,-1.000000000000000000e+00,-6.664287089206583081e-01
3.680935864039901455e-03,-1.000000000000000000e+00,-6.697478262448309794e-01
3.681935864039901588e-03,-1.000000000000000000e+00,-6.730339175259769657e-01
3.682935864039901721e-03,-1.000000000000000000e+00,-6.762873113814400483e-01
3.683935864039901854e-03,-1.000000000000000000e+00,-6.795083331587390418e-01
3.684935864039901986e-03,-1.000000000000000000e+00,-6.826973049681046568e-01
3.685935864039902119e-03,-1.000000000000000000e+00,-6.858545457146906221e-01
3.686935864039902252e-03,-1.000000000000000000e+00,-6.889803711304649525e-01
3.687935864039902385e-03,-1.000000000000000000e+00,-6.920750938057836921e-01
3.688935864039902517e-03,-1.000000000000000000e+00,-6.951390232206514641e-01
3.689935864039902650e-03,-1.000000000000000000e+00,-6.981724657756698260e-01
3.690935864039902783e-03,-1.000000000000000000e+00,-7.011757248226782036e-01
3.691935864039902915e-03,-1.000000000000000000e+00,-7.041491006950896248e-01
3.692935864039903048e-03,-1.000000000000000000e+00,-7.070928907379245842e-01
3.693935864039903181e-03,-1.000000000000000000e+00,-7.100073893375472567e-01
3.694935864039903314e-03,-1.000000000000000000e+00,-7.128928879511041705e-01
3.695935864039903446e-03,-1.000000000000000000e+00,-7.157496751356703379e-01
3.696935864039903579e-03,-1.000000000000000000e+00,-7.185780365771062828e-01
3.697935864039903712e-03,-1.000000000000000000e+00,-7.213782551186276315e-01
3.698935864039903845e-03,-1.000000000000000000e+00,-7.241506107890891553e-01
3.699935864039903977e-03,-1.000000000000000000e+00,-7.268953808309889242e-01
3.700935864039904110e-03,-1.000000000000000000e+00,-7.296128397281929079e-01
3.701935864039904243e-03,-1.000000000000000000e+00,-7.323032592333851287e-01
3.702935864039904375e-03,-1.000000000000000000e+00,-7.349669083952420356e-01
3.703935864039904508e-03,-1.000000000000000000e+00,-7.376040535853393143e-01
3.704935864039904641e-03,-1.000000000000000000e+00,-7.402149585247889130e-01
3.705935864039904774e-03,-1.000000000000000000e+00,-7.427998843106119464e-01
3.706935864039904906e-03,-1.000000000000000000e+00,-7.453590894418496982e-01
3.707935864039905039e-03,-1.000000000000000000e+00,-7.478928298454133872e-01
3.708935864039905172e-03,-1.000000000000000000e+00,-7.504013589016780283e-01
3.709935864039905305e-03,-1.000000000000000000e+00,-7.528849274698207195e-01
3.710935864039905437e-03,-1.000000000000000000e+00,-7.553437839129072406e-01
3.711935864039905570e-03,-1.000000000000000000e+00,-7.577781741227292978e-01
3.712935864039905703e-03,-1.000000000000000000e+00,-7.601883415443936309e-01
3.713935864039905835e-03,-1.000000000000000000e+00,-7.625745272006684283e-01
3.714935864039905968e-03,-1.000000000000000000e+00,-7.649369697160848247e-01
3.715935864039906101e-03,-1.000000000000000000e+00,-7.672759053408007013e-01
3.716935864039906234e-03,-1.000000000000000000e+00,-7.695915679742255655e-01
3.717935864039906366e-03,-1.000000000000000000e+00,-7.718841891884122841e-01
3.718935864039906499e-03,-1.000000000000000000e+00,-7.741539982512140039e-01
3.719935864039906632e-03,-1.000000000000000000e+00,-7.764012221492118115e-01
3.720935864039906765e-03,-1.000000000000000000e+00,-7.786260856104139094e-01
3.721935864039906897e-03,-1.000000000000000000e+00,-7.808288111267283060e-01
3.722935864039907030e-03,-1.000000000000000000e+00,-7.830096189762135728e-01
3.723935864039907163e-03,-1.000000000000000000e+00,-7.851687272451068900e-01
3.724935864039907295e-03,-1.000000000000000000e+00,-7.873063518496332680e-01
3.725935864039907428e-03,-1.000000000000000000e+00,-7.894227065575970537e-01
3.726935864039907561e-03,-1.000000000000000000e+00,-7.915180030097602737e-01
3.727935864039907694e-03,-1.000000000000000000e+00,-7.935924507410065942e-01
3.728935864039907826e-03,-1.000000000000000000e+00,-7.956462572012952261e-01
3.729935864039907959e-03,-1.000000000000000000e+00,-7.976796277764067744e-01
3.730935864039908092e-03,-1.000000000000000000e+00,-7.996927658084823642e-01
3.731935864039908225e-03,-1.000000000000000000e+00,-8.016858726163583748e-01
3.732935864039908357e-03,-1.000000000000000000e+00,-8.036591475156980025e-01
3.733935864039908490e-03,-1.000000000000000000e+00,-8.056127878389246488e-01
3.734935864039908623e-03,-1.000000000000000000e+00,-8.075469889549551361e-01
3.735935864039908755e-03,-1.000000000000000000e+00,-8.094619442887368566e-01
3.736935864039908888e-03,-1.000000000000000000e+00,-8.113578453405904112e-01
3.737935864039909021e-03,-1.000000000000000000e+00,-8.132348817053608458e-01
3.738935864039909154e-03,-1.000000000000000000e+00,-8.150932410913773740e-01
3.739935864039909286e-03,-1.000000000000000000e+00,-8.169331093392246945e-01
3.740935864039909419e-03,-1.000000000000000000e+00,-8.187546704403270148e-01
3.741935864039909552e-03,-1.000000000000000000e+00,-8.205581065553487763e-01
3.742935864039909685e-03,-1.000000000000000000e+00,-8.223435980324099726e-01
3.743935864039909817e-03,-1.000000000000000000e+00,-8.241113234251223885e-01
3.744935864039909950e-03,-1.000000000000000000e+00,-8.258614595104445399e-01
3.745935864039910083e-03,-1.000000000000000000e+00,-8.275941813063607544e-01
3.746935864039910215e-03,-1.000000000000000000e+00,-8.293096620893821713e-01
3.747935864039910348e-03,-1.000000000000000000e+00,-8.310080734118759915e-01
3.748935864039910481e-03,-1.000000000000000000e+00,-8.326895851192205322e-01
3.749935864039910614e-03,-1.000000000000000000e+00,-8.343543653667906401e-01
3.750935864039910746e-03,-1.000000000000000000e+00,-8.360025806367727963e-01
3.751935864039910879e-03,-1.000000000000000000e+00,-8.376343957548150199e-01
3.752935864039911012e-03,-1.000000000000000000e+00,-8.392499739065085729e-01
3.753935864039911145e-03,-1.000000000000000000e+00,-8.408494766537073506e-01
3.754935864039911277e-03,-1.000000000000000000e+00,-8.424330639506852902e-01
3.755935864039911410e-03,-1.000000000000000000e+00,-8.440008941601312431e-01
3.756935864039911543e-03,-1.000000000000000000e+00,-8.455531240689856398e-01
3.757935864039911675e-03,-1.000000000000000000e+00,-8.470899089041202812e-01
3.758935864039911808e-03,-1.000000000000000000e+00,-8.486114023478606994e-01
3.759935864039911941e-03,-1.000000000000000000e+00,-8.501177565533547531e-01
3.760935864039912074e-03,-1.000000000000000000e+00,-8.516091221597890115e-01
3.761935864039912206e-03,-1.000000000000000000e+00,-8.530856483074529262e-01
3.762935864039912339e-03,-1.000000000000000000e+00,-8.545474826526525680e-01
3.763935864039912472e-03,-1.000000000000000000e+00,-8.559947713824769266e-01
3.764935864039912605e-03,-1.000000000000000000e+00,-8.574276592294174382e-01
3.765935864039912737e-03,-1.000000000000000000e+00,-8.588462894858411856e-01
3.766935864039912870e-03,-1.000000000000000000e+00,-8.602508040183205473e-01
3.767935864039913003e-03,-1.000000000000000000e+00,-8.616413432818199603e-01
3.768935864039913135e-03,-1.000000000000000000e+00,-8.630180463337421282e-01
3.769935864039913268e-03,-1.000000000000000000e+00,-8.643810508478343424e-01
3.770935864039913401e-03,-1.000000000000000000e+00,-8.657304931279554694e-01
3.771935864039913534e-03,-1.000000000000000000e+00,-8.670665081217072689e-01
3.772935864039913666e-03,-1.000000000000000000e+00,-8.683892294339292661e-01
3.773935864039913799e-03,-1.000000000000000000e+00,-8.696987893400593972e-01
3.774935864039913932e-03,-1.000000000000000000e+00,-8.709953187993622059e-01
3.775935864039914065e-03,-1.000000000000000000e+00,-8.722789474680252564e-01
3.776935864039914197e-03,-1.000000000000000000e+00,-8.735498037121245396e-01
3.777935864039914330e-03,-1.000000000000000000e+00,-8.748080146204616492e-01
3.778935864039914463e-03,-1.000000000000000000e+00,-8.760537060172729484e-01
3.779935864039914595e-03,-1.000000000000000000e+00,-8.772870024748127271e-01
3.780935864039914728e-03,-1.000000000000000000e+00,-8.785080273258096817e-01
3.781935864039914861e-03,-1.000000000000000000e+00,-8.797169026758016042e-01
3.782935864039914994e-03,-1.000000000000000000e+00,-8.809137494153459480e-01
3.783935864039915126e-03,-1.000000000000000000e+00,-8.820986872321087136e-01
3.784935864039915259e-03,-1.000000000000000000e+00,-8.832718346228342066e-01
3.785935864039915392e-03,-1.000000000000000000e+00,-8.844333089051942265e-01
3.786935864039915525e-03,-1.000000000000000000e+00,-8.855832262295209034e-01
3.787935864039915657e-03,-1.000000000000000000e+00,-8.867217015904212962e-01
3.788935864039915790e-03,-1.000000000000000000e+00,-8.878488488382780819e-01
3.789935864039915923e-03,-1.000000000000000000e+00,-8.889647806906337824e-01
3.790935864039916055e-03,-1.000000000000000000e+00,-8.900696087434635251e-01
3.791935864039916188e-03,-1.000000000000000000e+00,-8.911634434823346718e-01
3.792935864039916321e-03,-1.000000000000000000e+00,-8.922463942934558689e-01
3.793935864039916454e-03,-1.000000000000000000e+00,-8.933185694746156313e-01
3.794935864039916586e-03,-1.000000000000000000e+00,-8.943800762460126785e-01
3.795935864039916719e-03,-1.000000000000000000e+00,-8.954310207609780248e-01
3.796935864039916852e-03,-1.000000000000000000e+00,-8.964715081165903765e-01
3.797935864039916985e-03,-1.000000000000000000e+00,-8.975016423641867247e-01
3.798935864039917117e-03,-1.000000000000000000e+00,-8.985215265197670220e-01
3.799935864039917250e-03,-1.000000000000000000e+00,-8.995312625742968304e-01
3.800935864039917383e-03,-1.000000000000000000e+00,-9.005309515039058299e-01
3.801935864039917515e-03,-1.000000000000000000e+00,-9.015206932799865180e-01
3.802935864039917648e-03,-1.000000000000000000e+00,-9.025005868791907693e-01
3.803935864039917781e-03,-1.000000000000000000e+00,-9.034707302933281392e-01
3.804935864039917914e-03,-1.000000000000000000e+00,-9.044312205391658033e-01
3.805935864039918046e-03,-1.000000000000000000e+00,-9.053821536681294635e-01
3.806935864039918179e-03,-1.000000000000000000e+00,-9.063236247759093311e-01
3.807935864039918312e-03,-1.000000000000000000e+00,-9.072557280119701861e-01
3.808935864039918445e-03,-1.000000000000000000e+00,-9.081785565889656242e-01
3.809935864039918577e-03,-1.000000000000000000e+00,-9.090922027920603776e-01
3.810935864039918710e-03,-1.000000000000000000e+00,-9.099967579881591551e-01
3.811935864039918843e-03,-1.000000000000000000e+00,-9.108923126350431110e-01
3.812935864039918975e-03,-1.000000000000000000e+00,-9.117789562904158318e-01
3.813935864039919108e-03,-1.000000000000000000e+00,-9.126567776208595051e-01
3.814935864039919241e-03,-1.000000000000000000e+00,-9.135258644107016046e-01
3.815935864039919374e-03,-1.000000000000000000e+00,-9.143863035707939790e-01
3.816935864039919506e-03,-1.000000000000000000e+00,-9.152381811472040107e-01
3.817935864039919639e-03,-1.000000000000000000e+00,-9.160815823298192884e-01
3.818935864039919772e-03,-1.000000000000000000e+00,-9.169165914608662371e-01
3.819935864039919905e-03,-1.000000000000000000e+00,-9.177432920433451491e-01
3.820935864039920037e-03,-1.000000000000000000e+00,-9.185617667493815031e-01
3.821935864039920170e-03,-1.000000000000000000e+00,-9.193720974284921299e-01
3.822935864039920303e-03,-1.000000000000000000e+00,-9.201743651157708870e-01
3.823935864039920435e-03,-1.000000000000000000e+00,-9.209686500399920650e-01
3.824935864039920568e-03,-1.000000000000000000e+00,-9.217550316316341918e-01
3.825935864039920701e-03,-1.000000000000000000e+00,-9.225335885308221240e-01
3.826935864039920834e-03,-1.000000000000000000e+00,-9.233043985951921995e-01
3.827935864039920966e-03,-1.000000000000000000e+00,-9.240675389076780100e-01
3.828935864039921099e-03,-1.000000000000000000e+00,-9.248230857842185682e-01
3.829935864039921232e-03,-1.000000000000000000e+00,-9.255711147813907580e-01
3.830935864039921365e-03,-1.000000000000000000e+00,-9.263117007039639583e-01
3.831935864039921497e-03,-1.000000000000000000e+00,-9.270449176123823909e-01
3.832935864039921630e-03,-1.000000000000000000e+00,-9.277708388301699749e-01
3.833935864039921763e-03,-1.000000000000000000e+00,-9.284895369512630170e-01
3.834935864039921895e-03,-1.000000000000000000e+00,-9.292010838472705148e-01
3.835935864039922028e-03,-1.000000000000000000e+00,-9.299055506746609634e-01
3.836935864039922161e-03,-1.000000000000000000e+00,-9.306030078818784412e-01
3.837935864039922294e-03,-1.000000000000000000e+00,-9.312935252163869748e-01
3.838935864039922426e-03,-1.000000000000000000e+00,-9.319771717316467363e-01
3.839935864039922559e-03,-1.000000000000000000e+00,-9.326540157940182985e-01
3.840935864039922692e-03,-1.000000000000000000e+00,-9.333241250896003871e-01
3.841935864039922825e-03,-1.000000000000000000e+00,-9.339875666309976898e-01
3.842935864039922957e-03,-1.000000000000000000e+00,-9.346444067640226061e-01
3.843935864039923090e-03,-1.000000000000000000e+00,-9.352947111743308284e-01
3.844935864039923223e-03,-1.000000000000000000e+00,-9.359385448939891994e-01
3.845935864039923355e-03,-1.000000000000000000e+00,-9.365759723079793986e-01
3.846935864039923488e-03,-1.000000000000000000e+00,-9.372070571606362366e-01
3.847935864039923621e-03,-1.000000000000000000e+00,-9.378318625620231108e-01
3.848935864039923754e-03,-1.000000000000000000e+00,-9.384504509942417361e-01
3.849935864039923886e-03,-1.000000000000000000e+00,-9.390628843176819229e-01
3.850935864039924019e-03,-1.000000000000000000e+00,-9.396692237772074074e-01
3.851935864039924152e-03,-1.000000000000000000e+00,-9.402695300082802854e-01
3.852935864039924285e-03,-1.000000000000000000e+00,-9.408638630430239402e-01
3.853935864039924417e-03,-1.000000000000000000e+00,-9.414522823162279064e-01
3.854935864039924550e-03,-1.000000000000000000e+00,-9.420348466712903379e-01
3.855935864039924683e-03,-1.000000000000000000e+00,-9.426116143661034119e-01
3.856935864039924815e-03,-1.000000000000000000e+00,-9.431826430788783355e-01
3.857935864039924948e-03,-1.000000000000000000e+00,-9.437479899139141759e-01
3.858935864039925081e-03,-1.000000000000000000e+00,-9.443077114073080702e-01
3.859935864039925214e-03,-1.000000000000000000e+00,-9.448618635326085924e-01
3.860935864039925346e-03,-1.000000000000000000e+00,-9.454105017064134975e-01
3.861935864039925479e-03,-1.000000000000000000e+00,-9.459536807939119551e-01
3.862935864039925612e-03,-1.000000000000000000e+00,-9.464914551143704946e-01
3.863935864039925745e-03,-1.000000000000000000e+00,-9.470238784465659920e-01
3.864935864039925877e-03,-1.000000000000000000e+00,-9.475510040341624807e-01
3.865935864039926010e-03,-1.000000000000000000e+00,-9.480728845910365576e-01
3.866935864039926143e-03,-1.000000000000000000e+00,-9.485895723065485008e-01
3.867935864039926275e-03,-1.000000000000000000e+00,-9.491011188507620933e-01
3.868935864039926408e-03,-1.000000000000000000e+00,-9.496075753796102692e-01
3.869935864039926541e-03,-1.000000000000000000e+00,-9.501089925400120206e-01
3.870935864039926674e-03,-1.000000000000000000e+00,-9.506054204749372349e-01
3.871935864039926806e-03,-1.000000000000000000e+00,-9.510969088284204620e-01
3.872935864039926939e-03,-1.000000000000000000e+00,-9.515835067505257205e-01
3.873935864039927072e-03,-1.000000000000000000e+00,-9.520652629022620106e-01
3.874935864039927205e-03,-1.000000000000000000e+00,-9.525422254604486438e-01
3.875935864039927337e-03,-1.000000000000000000e+00,-9.530144421225337226e-01
3.876935864039927470e-03,-1.000000000000000000e+00,-9.534819601113642129e-01
3.877935864039927603e-03,-1.000000000000000000e+00,-9.539448261799079454e-01
3.878935864039927735e-03,-1.000000000000000000e+00,-9.544030866159289861e-01
3.879935864039927868e-03,-1.000000000000000000e+00,-9.548567872466162676e-01
3.880935864039928001e-03,-1.000000000000000000e+00,-9.553059734431672556e-01
3.881935864039928134e-03,-1.000000000000000000e+00,-9.557506901253249865e-01
3.882935864039928266e-03,-1.000000000000000000e+00,-9.561909817658690303e-01
3.883935864039928399e-03,-1.000000000000000000e+00,-9.566268923950644876e-01
3.884935864039928532e-03,-1.000000000000000000e+00,-9.570584656050638017e-01
3.885935864039928665e-03,-1.000000000000000000e+00,-9.574857445542671597e-01
3.886935864039928797e-03,-1.000000000000000000e+00,-9.579087719716377070e-01
3.887935864039928930e-03,-1.000000000000000000e+00,-9.583275901609749070e-01
3.888935864039929063e-03,-1.000000000000000000e+00,-9.587422410051444910e-01
3.889935864039929195e-03,-1.000000000000000000e+00,-9.591527659702674402e-01
3.890935864039929328e-03,-1.000000000000000000e+00,-9.595592061098667802e-01
3.891935864039929461e-03,-1.000000000000000000e+00,-9.599616020689727414e-01
3.892935864039929594e-03,-1.000000000000000000e+00,-9.603599940881869523e-01
3.893935864039929726e-03,-1.000000000000000000e+00,-9.607544220077074426e-01
3.894935864039929859e-03,-1.000000000000000000e+00,-9.611449252713125668e-01
3.895935864039929992e-03,-1.000000000000000000e+00,-9.615315429303047390e-01
3.896935864039930125e-03,-1.000000000000000000e+00,-9.619143136474161970e-01
3.897935864039930257e-03,-1.000000000000000000e+00,-9.622932757006757987e-01
3.898935864039930390e-03,-1.000000000000000000e+00,-9.626684669872362932e-01
3.899935864039930523e-03,-1.000000000000000000e+00,-9.630399250271644007e-01
3.900935864039930655e-03,-1.000000000000000000e+00,-9.634076869671925891e-01
3.901935864039930788e-03,-1.000000000000000000e+00,-9.637717895844344351e-01
3.902935864039930921e-03,-1.000000000000000000e+00,-9.641322692900621272e-01
3.903935864039931054e-03,-1.000000000000000000e+00,-9.644891621329472198e-01
3.904935864039931186e-03,-1.000000000000000000e+00,-9.648425038032663048e-01
3.905935864039931319e-03,-1.000000000000000000e+00,-9.651923296360696014e-01
3.906935864039931018e-03,-1.000000000000000000e+00,-9.655386746148152399e-01
3.907935864039931151e-03,-1.000000000000000000e+00,-9.658815733748670196e-01
3.908935864039931284e-03,-1.000000000000000000e+00,-9.662210602069581933e-01
3.909935864039931416e-03,-1.000000000000000000e+00,-9.665571690606201694e-01
3.910935864039931549e-03,-1.000000000000000000e+00,-9.668899335475792389e-01
3.911935864039931682e-03,-1.000000000000000000e+00,-9.672193869451158887e-01
3.912935864039931814e-03,-1.000000000000000000e+00,-9.675455621993935829e-01
3.913935864039931947e-03,-1.000000000000000000e+00,-9.678684919287529054e-01
3.914935864039932080e-03,-1.000000000000000000e+00,-9.681882084269743949e-01
3.915935864039932213e-03,-1.000000000000000000e+00,-9.685047436665071841e-01
3.916935864039932345e-03,-1.000000000000000000e+00,-9.688181293016665530e-01
3.917935864039932478e-03,-1.000000000000000000e+00,-9.691283966717992859e-01
3.918935864039932611e-03,-1.000000000000000000e+00,-9.694355768044182753e-01
3.919935864039932744e-03,-1.000000000000000000e+00,-9.697397004183047065e-01
3.920935864039932876e-03,-1.000000000000000000e+00,-9.700407979265802672e-01
3.921935864039933009e-03,-1.000000000000000000e+00,-9.703388994397487144e-01
3.922935864039933142e-03,-1.000000000000000000e+00,-9.706340347687065773e-01
3.923935864039933274e-03,-1.000000000000000000e+00,-9.709262334277245499e-01
3.924935864039933407e-03,-1.000000000000000000e+00,-9.712155246373991302e-01
3.925935864039933540e-03,-1.000000000000000000e+00,-9.715019373275745052e-01
3.926935864039933673e-03,-1.000000000000000000e+00,-9.717855001402355697e-01
3.927935864039933805e-03,-1.000000000000000000e+00,-9.720662414323725242e-01
3.928935864039933938e-03,-1.000000000000000000e+00,-9.723441892788166063e-01
3.929935864039934071e-03,-1.000000000000000000e+00,-9.726193714750471786e-01
3.930935864039934204e-03,-1.000000000000000000e+00,-9.728918155399720602e-01
3.931935864039934336e-03,-1.000000000000000000e+00,-9.731615487186789926e-01
3.932935864039934469e-03,-1.000000000000000000e+00,-9.734285979851600157e-01
3.933935864039934602e-03,-1.000000000000000000e+00,-9.736929900450093101e-01
3.934935864039934734e-03,-1.000000000000000000e+00,-9.739547513380937271e-01
3.935935864039934867e-03,-1.000000000000000000e+00,-9.742139080411972296e-01
3.936935864039935000e-03,-1.000000000000000000e+00,-9.744704860706383531e-01
3.937935864039935133e-03,-1.000000000000000000e+00,-9.747245110848609118e-01
3.938935864039935265e-03,-1.000000000000000000e+00,-9.749760084870014998e-01
3.939935864039935398e-03,-1.000000000000000000e+00,-9.752250034274293489e-01
3.940935864039935531e-03,-1.000000000000000000e+00,-9.754715208062609832e-01
3.941935864039935664e-03,-1.000000000000000000e+00,-9.757155852758503389e-01
3.942935864039935796e-03,-1.000000000000000000e+00,-9.759572212432546801e-01
3.943935864039935929e-03,-1.000000000000000000e+00,-9.761964528726750912e-01
3.944935864039936062e-03,-1.000000000000000000e+00,-9.764333040878724335e-01
3.945935864039936194e-03,-1.000000000000000000e+00,-9.766677985745602086e-01
3.946935864039936327e-03,-1.000000000000000000e+00,-9.768999597827737746e-01
3.947935864039936460e-03,-1.000000000000000000e+00,-9.771298109292140266e-01
3.948935864039936593e-03,-1.000000000000000000e+00,-9.773573749995703164e-01
3.949935864039936725e-03,-1.000000000000000000e+00,-9.775826747508183923e-01
3.950935864039936858e-03,-1.000000000000000000e+00,-9.778057327134970222e-01
3.951935864039936991e-03,-1.000000000000000000e+00,-9.780265711939598594e-01
3.952935864039937124e-03,-1.000000000000000000e+00,-9.782452122766071012e-01
3.953935864039937256e-03,-1.000000000000000000e+00,-9.784616778260937231e-01
3.954935864039937389e-03,-1.000000000000000000e+00,-9.786759894895157297e-01
3.955935864039937522e-03,-1.000000000000000000e+00,-9.788881686985750896e-01
3.956935864039937654e-03,-1.000000000000000000e+00,-9.790982366717233543e-01
3.957935864039937787e-03,-1.000000000000000000e+00,-9.793062144162832938e-01
3.958935864039937920e-03,-1.000000000000000000e+00,-9.795121227305491063e-01
3.959935864039938053e-03,-1.000000000000000000e+00,-9.797159822058671974e-01
3.960935864039938185e-03,-1.000000000000000000e+00,-9.799178132286945342e-01
3.961935864039938318e-03,-1.000000000000000000e+00,-9.801176359826377915e-01
3.962935864039938451e-03,-1.000000000000000000e+00,-9.803154704504721817e-01
3.963935864039938584e-03,-1.000000000000000000e+00,-9.805113364161391898e-01
3.964935864039938716e-03,-1.000000000000000000e+00,-9.807052534667251020e-01
3.965935864039938849e-03,-1.000000000000000000e+00,-9.808972409944195503e-01
3.966935864039938982e-03,-1.000000000000000000e+00,-9.810873181984550717e-01
3.967935864039939114e-03,-1.000000000000000000e+00,-9.812755040870275725e-01
3.968935864039939247e-03,-1.000000000000000000e+00,-9.814618174791965854e-01
3.969935864039939380e-03,-1.000000000000000000e+00,-9.816462770067668764e-01
3.970935864039939513e-03,-1.000000000000000000e+00,-9.818289011161522861e-01
3.971935864039939645e-03,-1.000000000000000000e+00,-9.820097080702204773e-01
3.972935864039939778e-03,-1.000000000000000000e+00,-9.821887159501188069e-01
3.973935864039939911e-03,-1.000000000000000000e+00,-9.823659426570829911e-01
3.974935864039940044e-03,-1.000000000000000000e+00,-9.825414059142265621e-01
3.975935864039940176e-03,-1.000000000000000000e+00,-9.827151232683140059e-01
3.976935864039940309e-03,-1.000000000000000000e+00,-9.828871120915146919e-01
3.977935864039940442e-03,-1.000000000000000000e+00,-9.830573895831412612e-01
3.978935864039940574e-03,-1.000000000000000000e+00,-9.832259727713688058e-01
3.979935864039940707e-03,-1.000000000000000000e+00,-9.833928785149375074e-01
3.980935864039940840e-03,-1.000000000000000000e+00,-9.835581235048385107e-01
3.981935864039940973e-03,-1.000000000000000000e+00,-9.837217242659843652e-01
3.982935864039941105e-03,-1.000000000000000000e+00,-9.838836971588602598e-01
3.983935864039941238e-03,-1.000000000000000000e+00,-9.840440583811602693e-01
3.984935864039941371e-03,-1.000000000000000000e+00,-9.842028239694075031e-01
3.985935864039941504e-03,-1.000000000000000000e+00,-9.843600098005578225e-01
3.986935864039941636e-03,-1.000000000000000000e+00,-9.845156315935871261e-01
3.987935864039941769e-03,-1.000000000000000000e+00,-9.846697049110637590e-01
3.988935864039941902e-03,-1.000000000000000000e+00,-9.848222451607049344e-01
3.989935864039942034e-03,-1.000000000000000000e+00,-9.849732675969171680e-01
3.990935864039942167e-03,-1.000000000000000000e+00,-9.851227873223212805e-01
3.991935864039942300e-03,-1.000000000000000000e+00,-9.852708192892636330e-01
3.992935864039942433e-03,-1.000000000000000000e+00,-9.854173783013110421e-01
3.993935864039942565e-03,-1.000000000000000000e+00,-9.855624790147310410e-01
3.994935864039942698e-03,-1.000000000000000000e+00,-9.857061359399578171e-01
3.995935864039942831e-03,-1.000000000000000000e+00,-9.858483634430430520e-01
3.996935864039942964e-03,-1.000000000000000000e+00,-9.859891757470926610e-01
3.997935864039943096e-03,-1.000000000000000000e+00,-9.861285869336888776e-01
3.998935864039943229e-03,-1.000000000000000000e+00,-9.862666109442991269e-01
3.999935864039943362e-03,-1.000000000000000000e+00,-9.864032615816694660e-01
4.000000000000000083e-03,-1.000000000000000000e+00,-9.864119791848311447e-01
